-- phpMyAdmin SQL Dump
-- version 5.2.1
-- https://www.phpmyadmin.net/
--
-- Host: 127.0.0.1
-- Generation Time: Jan 11, 2026 at 02:56 PM
-- Server version: 10.4.32-MariaDB
-- PHP Version: 8.2.12

SET SQL_MODE = "NO_AUTO_VALUE_ON_ZERO";
START TRANSACTION;
SET time_zone = "+00:00";


/*!40101 SET @OLD_CHARACTER_SET_CLIENT=@@CHARACTER_SET_CLIENT */;
/*!40101 SET @OLD_CHARACTER_SET_RESULTS=@@CHARACTER_SET_RESULTS */;
/*!40101 SET @OLD_COLLATION_CONNECTION=@@COLLATION_CONNECTION */;
/*!40101 SET NAMES utf8mb4 */;

--
-- Database: `save_the_system`
--

-- --------------------------------------------------------

--
-- Table structure for table `logs`
--

CREATE TABLE `logs` (
  `log_id` int(11) NOT NULL,
  `session_id` int(11) NOT NULL,
  `round_no` int(11) NOT NULL,
  `problem` varchar(100) NOT NULL,
  `action` varchar(50) NOT NULL,
  `delta_stability` int(11) NOT NULL,
  `delta_performance` int(11) NOT NULL,
  `delta_security` int(11) NOT NULL,
  `created_at` timestamp NOT NULL DEFAULT current_timestamp()
) ENGINE=InnoDB DEFAULT CHARSET=utf8mb4 COLLATE=utf8mb4_general_ci;

--
-- Dumping data for table `logs`
--

INSERT INTO `logs` (`log_id`, `session_id`, `round_no`, `problem`, `action`, `delta_stability`, `delta_performance`, `delta_security`, `created_at`) VALUES
(1, 1, 1, 'Overload', 'Add Resource', -5, 15, 0, '2025-12-23 03:45:26'),
(2, 13, 2, 'CPU usage critical!', 'Ignore', -20, -30, -20, '2026-01-02 07:02:21'),
(3, 13, 3, 'CPU usage critical!', 'Fix', 5, -15, -10, '2026-01-02 07:02:24'),
(4, 13, 4, 'Database connection lost!', 'Fix', 5, -15, -5, '2026-01-02 07:02:28'),
(5, 13, 5, 'Network latency high!', 'Ignore', -20, -25, -15, '2026-01-02 07:02:30'),
(6, 13, 6, 'Memory leak detected!', 'Add Resource', -20, 0, -5, '2026-01-02 07:02:33'),
(7, 13, 7, 'Network latency high!', 'Fix', 5, -10, -5, '2026-01-02 07:02:34'),
(8, 14, 2, 'Memory leak detected!', 'Fix', 0, -10, -5, '2026-01-02 09:45:58'),
(9, 14, 3, 'Server overload detected!', 'Fix', 0, -5, -5, '2026-01-02 09:46:02'),
(10, 14, 4, 'Suspicious login detected!', 'Ignore', -15, -15, -30, '2026-01-02 09:46:05'),
(11, 14, 5, 'Database connection lost!', 'Fix', 5, -15, -5, '2026-01-02 09:46:07'),
(12, 14, 6, 'Network latency high!', 'Fix', 5, -10, -5, '2026-01-02 09:46:08'),
(13, 14, 7, 'Memory leak detected!', 'Fix', 0, -10, -5, '2026-01-02 09:46:09'),
(14, 14, 8, 'Server overload detected!', 'Fix', 0, -5, -5, '2026-01-02 09:46:10'),
(15, 14, 9, 'Database connection lost!', 'Add Resource', -15, -5, -5, '2026-01-02 09:46:12'),
(16, 14, 10, 'Memory leak detected!', 'Add Resource', -20, 0, -5, '2026-01-02 09:46:13'),
(17, 14, 11, 'Memory leak detected!', 'Fix', 0, -10, -5, '2026-01-02 09:46:15'),
(18, 14, 12, 'Suspicious login detected!', 'Fix', 10, 0, -20, '2026-01-02 09:46:15'),
(19, 14, 13, 'Suspicious login detected!', 'Ignore', -15, -15, -5, '2026-01-02 09:46:17'),
(20, 13, 8, 'Database connection lost!', 'Add Resource', -15, -5, -5, '2026-01-02 11:36:30'),
(21, 16, 2, 'Network latency high!', 'Ignore', -20, -25, -15, '2026-01-02 12:22:40'),
(22, 16, 3, 'Network latency high!', 'Ignore', -20, -25, -15, '2026-01-02 12:22:48'),
(23, 16, 4, 'Database connection lost!', 'Fix', 5, -15, -5, '2026-01-02 12:23:02'),
(24, 16, 5, 'Server overload detected!', 'Fix', 0, -5, -5, '2026-01-02 12:23:14'),
(25, 16, 6, 'Memory leak detected!', 'Fix', 0, -10, -5, '2026-01-02 12:23:24'),
(26, 16, 7, 'Server overload detected!', 'Ignore', -25, -20, -15, '2026-01-02 12:23:30'),
(27, 17, 2, 'Server overload detected!', 'Add Resource', -20, 0, -5, '2026-01-02 12:35:10'),
(28, 17, 3, 'Database connection lost!', 'Fix', 5, -15, -5, '2026-01-02 12:35:14'),
(29, 17, 4, 'CPU usage critical!', 'Add Resource', -15, -5, -10, '2026-01-02 12:35:15'),
(30, 17, 5, 'Server overload detected!', 'Add Resource', -20, 5, -5, '2026-01-02 12:35:16'),
(31, 17, 6, 'Suspicious login detected!', 'Ignore', -15, -15, -30, '2026-01-02 12:35:18'),
(32, 17, 7, 'Memory leak detected!', 'Add Resource', -20, 0, -5, '2026-01-02 12:35:20'),
(33, 17, 8, 'Memory leak detected!', 'Ignore', -15, -25, -15, '2026-01-02 12:35:22'),
(34, 18, 2, 'Suspicious login detected!', 'Fix', 0, 0, -20, '2026-01-02 12:42:40'),
(35, 18, 3, 'Database connection lost!', 'Add Resource', -15, -5, -5, '2026-01-02 12:42:44'),
(36, 18, 4, 'Database connection lost!', 'Ignore', -20, -30, -15, '2026-01-02 12:42:46'),
(37, 18, 5, 'CPU usage critical!', 'Fix', 5, -15, -10, '2026-01-02 12:42:50'),
(38, 18, 6, 'CPU usage critical!', 'Ignore', -20, -30, -20, '2026-01-02 12:42:54'),
(39, 18, 7, 'Database connection lost!', 'Add Resource', -15, -5, -5, '2026-01-02 12:42:58'),
(40, 18, 8, 'CPU usage critical!', 'Fix', 5, -15, -10, '2026-01-02 12:43:00'),
(41, 19, 2, 'CPU usage critical!', 'Fix', 0, -15, -10, '2026-01-02 12:46:08'),
(42, 19, 3, 'Memory leak detected!', 'Fix', 0, -10, -5, '2026-01-02 12:46:35'),
(43, 19, 4, 'Memory leak detected!', 'Fix', 0, -10, -5, '2026-01-02 12:48:08'),
(44, 19, 5, 'Memory leak detected!', 'Add Resource', -20, 0, -5, '2026-01-02 12:48:09'),
(45, 19, 6, 'Server overload detected!', 'Fix', 0, -5, -5, '2026-01-02 12:48:12'),
(46, 19, 7, 'CPU usage critical!', 'Add Resource', -15, -5, -10, '2026-01-02 12:48:14'),
(47, 19, 8, 'Memory leak detected!', 'Fix', 0, -10, -5, '2026-01-02 12:48:15'),
(48, 19, 9, 'Database connection lost!', 'Ignore', -20, -30, -15, '2026-01-02 12:48:17'),
(49, 19, 10, 'Suspicious login detected!', 'Add Resource', -10, 10, -20, '2026-01-02 12:48:19'),
(50, 19, 11, 'CPU usage critical!', 'Fix', 5, -15, -10, '2026-01-02 12:48:21'),
(51, 19, 12, 'CPU usage critical!', 'Add Resource', -15, -5, -10, '2026-01-02 12:48:23'),
(52, 21, 1, 'Memory leak detected!', 'Add Resource', -20, 0, -5, '2026-01-02 12:52:33'),
(53, 21, 2, 'Database connection lost!', 'Fix', 5, -15, -5, '2026-01-02 12:52:38'),
(54, 21, 3, 'Memory leak detected!', 'Fix', 0, -10, -5, '2026-01-02 12:53:19'),
(55, 21, 4, 'Memory leak detected!', 'Add Resource', -20, 0, -5, '2026-01-02 12:53:20'),
(56, 21, 5, 'Network latency high!', 'Fix', 5, -10, -5, '2026-01-02 12:53:21'),
(57, 21, 6, 'Memory leak detected!', 'Add Resource', -20, 0, -5, '2026-01-02 12:53:23'),
(58, 21, 7, 'Suspicious login detected!', 'Fix', 10, 0, -20, '2026-01-02 12:53:25'),
(59, 21, 8, 'Server overload detected!', 'Ignore', -25, -20, -15, '2026-01-02 12:53:27'),
(60, 21, 9, 'Network latency high!', 'Fix', 5, -10, -5, '2026-01-02 12:53:29'),
(61, 21, 10, 'Memory leak detected!', 'Add Resource', -20, 0, -5, '2026-01-02 12:53:30'),
(62, 21, 11, 'Database connection lost!', 'Add Resource', -15, -5, -5, '2026-01-02 12:53:32'),
(63, 21, 12, 'Database connection lost!', 'Add Resource', -5, -5, -5, '2026-01-02 12:53:33'),
(64, 22, 1, 'Memory leak detected!', 'Fix', 0, -10, -5, '2026-01-02 13:35:39'),
(65, 22, 2, 'Suspicious login detected!', 'Add Resource', -10, 10, -20, '2026-01-02 13:35:41'),
(66, 22, 3, 'Suspicious login detected!', 'Fix', 10, 0, -20, '2026-01-02 13:35:42'),
(67, 22, 4, 'CPU usage critical!', 'Fix', 0, -15, -10, '2026-01-02 13:35:46'),
(68, 22, 5, 'Memory leak detected!', 'Add Resource', -20, 0, -5, '2026-01-02 13:35:49'),
(69, 22, 6, 'Network latency high!', 'Fix', 5, -10, -5, '2026-01-02 13:35:51'),
(70, 22, 7, 'Network latency high!', 'Fix', 5, -10, -5, '2026-01-02 13:35:53'),
(71, 22, 8, 'Server overload detected!', 'Fix', 0, -5, -5, '2026-01-02 13:35:54'),
(72, 22, 9, 'Database connection lost!', 'Fix', 5, -15, -5, '2026-01-02 13:35:56'),
(73, 22, 10, 'CPU usage critical!', 'Fix', 5, -15, -10, '2026-01-02 13:35:57'),
(74, 22, 11, 'Memory leak detected!', 'Fix', 0, -10, -5, '2026-01-02 13:35:58'),
(75, 22, 12, 'Suspicious login detected!', 'Add Resource', -10, 10, -5, '2026-01-02 13:36:00'),
(79, 23, 1, 'Suspicious login detected!', 'Fix', 0, 0, -20, '2026-01-02 14:11:27'),
(80, 23, 2, 'CPU usage critical!', 'Fix', 0, -15, -10, '2026-01-02 14:11:30'),
(81, 23, 3, 'Memory leak detected!', 'Add Resource', -20, 0, -5, '2026-01-02 14:11:31'),
(82, 23, 4, 'Suspicious login detected!', 'Fix', 10, 0, -20, '2026-01-02 14:11:33'),
(83, 23, 5, 'Suspicious login detected!', 'Add Resource', -10, 10, -20, '2026-01-02 14:11:35'),
(84, 23, 6, 'Suspicious login detected!', 'Fix', 10, 0, -20, '2026-01-02 14:11:36'),
(85, 23, 7, 'Suspicious login detected!', 'Fix', 10, 0, -5, '2026-01-02 14:11:38'),
(86, 24, 1, 'Database connection lost!', 'Fix', 0, -15, -5, '2026-01-02 16:10:19'),
(87, 24, 2, 'Database connection lost!', 'Add Resource', -15, -5, -5, '2026-01-02 16:10:22'),
(88, 24, 3, 'Server overload detected!', 'Ignore', -25, -20, -15, '2026-01-02 16:10:24'),
(89, 24, 4, 'Memory leak detected!', 'Fix', 0, -10, -5, '2026-01-02 16:10:26'),
(90, 24, 5, 'Database connection lost!', 'Add Resource', -15, -5, -5, '2026-01-02 16:10:28'),
(91, 24, 6, 'Suspicious login detected!', 'Ignore', -15, -15, -30, '2026-01-02 16:10:29'),
(92, 24, 7, 'Suspicious login detected!', 'Fix', 10, 0, -20, '2026-01-02 16:10:31'),
(93, 24, 8, 'Suspicious login detected!', 'Fix', 10, 0, -15, '2026-01-02 16:10:32'),
(94, 25, 1, 'Suspicious login detected!', 'Fix', 0, 0, -20, '2026-01-02 17:17:36'),
(95, 25, 2, 'Network latency high!', 'Fix', 0, -10, -5, '2026-01-02 17:17:37'),
(96, 25, 3, 'CPU usage critical!', 'Fix', 0, -15, -10, '2026-01-02 17:17:38'),
(97, 25, 4, 'Server overload detected!', 'Fix', 0, -5, -5, '2026-01-02 17:17:40'),
(98, 25, 5, 'Suspicious login detected!', 'Ignore', -15, -15, -30, '2026-01-02 17:17:49'),
(99, 25, 6, 'CPU usage critical!', 'Add Resource', -15, -5, -10, '2026-01-02 17:17:51'),
(100, 25, 7, 'Network latency high!', 'Fix', 5, -10, -5, '2026-01-02 17:17:55'),
(101, 25, 8, 'Suspicious login detected!', 'Fix', 10, 0, -15, '2026-01-02 17:17:56'),
(102, 26, 1, 'Server overload detected!', 'Fix', 0, -5, -5, '2026-01-02 17:20:56'),
(103, 26, 2, 'Suspicious login detected!', 'Fix', 0, 0, -20, '2026-01-02 17:20:57'),
(104, 26, 3, 'CPU usage critical!', 'Ignore', -20, -30, -20, '2026-01-02 17:21:00'),
(105, 26, 4, 'Server overload detected!', 'Add Resource', -20, 5, -5, '2026-01-02 17:21:01'),
(106, 26, 5, 'Memory leak detected!', 'Fix', 0, -10, -5, '2026-01-02 17:21:03'),
(107, 26, 6, 'Network latency high!', 'Add Resource', -15, 0, -5, '2026-01-02 17:21:04'),
(108, 26, 7, 'Memory leak detected!', 'Fix', 0, -10, -5, '2026-01-02 17:21:06'),
(109, 26, 8, 'Memory leak detected!', 'Add Resource', -20, 0, -5, '2026-01-02 17:21:07'),
(110, 26, 9, 'Server overload detected!', 'Fix', 0, -5, -5, '2026-01-02 17:21:09'),
(111, 26, 10, 'CPU usage critical!', 'Fix', 5, -15, -10, '2026-01-02 17:21:11'),
(112, 26, 11, 'Server overload detected!', 'Fix', 0, -5, -5, '2026-01-02 17:21:11'),
(113, 26, 12, 'CPU usage critical!', 'Fix', 5, -15, -10, '2026-01-02 17:21:12'),
(114, 28, 1, 'Suspicious login detected!', 'Fix', 0, 0, -20, '2026-01-02 17:43:02'),
(115, 28, 2, 'Server overload detected!', 'Fix', 0, -5, -5, '2026-01-02 17:43:03'),
(116, 28, 3, 'CPU usage critical!', 'Fix', 0, -15, -10, '2026-01-02 17:43:03'),
(117, 28, 4, 'Suspicious login detected!', 'Fix', 0, 0, -20, '2026-01-02 17:43:03'),
(118, 28, 5, 'Memory leak detected!', 'Fix', 0, -10, -5, '2026-01-02 17:43:04'),
(119, 28, 6, 'Memory leak detected!', 'Ignore', -25, -25, -15, '2026-01-02 17:43:05'),
(120, 28, 7, 'Network latency high!', 'Ignore', -20, -25, -15, '2026-01-02 17:43:05'),
(121, 28, 8, 'Network latency high!', 'Ignore', -20, -20, -10, '2026-01-02 17:43:06'),
(122, 33, 1, 'Database connection lost!', 'Fix', 0, -15, -5, '2026-01-09 07:48:33'),
(123, 33, 2, 'Server overload detected!', 'Fix', 0, -5, -5, '2026-01-09 07:48:38'),
(124, 33, 3, 'CPU usage critical!', 'Fix', 0, -15, -10, '2026-01-09 07:48:39'),
(125, 33, 4, 'Server overload detected!', 'Fix', 0, -5, -5, '2026-01-09 07:48:41'),
(126, 33, 5, 'Database connection lost!', 'Fix', 0, -15, -5, '2026-01-09 07:48:42'),
(127, 33, 6, 'CPU usage critical!', 'Fix', 0, -15, -10, '2026-01-09 07:48:44'),
(128, 33, 7, 'Network latency high!', 'Fix', 0, -10, -5, '2026-01-09 07:48:44'),
(129, 33, 8, 'Suspicious login detected!', 'Fix', 0, 0, -20, '2026-01-09 07:48:46'),
(130, 33, 9, 'Server overload detected!', 'Fix', 0, -5, -5, '2026-01-09 07:48:51'),
(131, 33, 10, 'Memory leak detected!', 'Fix', 0, -10, -5, '2026-01-09 07:48:54'),
(132, 34, 1, 'Database connection lost!', 'Fix', 0, -15, -5, '2026-01-09 07:50:45'),
(133, 34, 2, 'CPU usage critical!', 'Fix', 0, -15, -10, '2026-01-09 07:50:46'),
(134, 34, 3, 'CPU usage critical!', 'Fix', 0, -15, -10, '2026-01-09 07:50:46'),
(135, 34, 4, 'Memory leak detected!', 'Fix', 0, -10, -5, '2026-01-09 07:50:46'),
(136, 34, 5, 'CPU usage critical!', 'Fix', 0, -15, -10, '2026-01-09 07:50:47'),
(137, 34, 6, 'Database connection lost!', 'Fix', 0, -15, -5, '2026-01-09 07:50:47'),
(138, 34, 7, 'CPU usage critical!', 'Fix', 0, -15, -10, '2026-01-09 07:50:48'),
(139, 35, 1, 'CPU usage critical!', 'Fix', 0, -15, -10, '2026-01-09 07:51:00'),
(140, 35, 2, 'Server overload detected!', 'Fix', 0, -5, -5, '2026-01-09 07:51:00'),
(141, 35, 3, 'CPU usage critical!', 'Fix', 0, -15, -10, '2026-01-09 07:51:01'),
(142, 35, 4, 'Network latency high!', 'Fix', 0, -10, -5, '2026-01-09 07:51:01'),
(143, 35, 5, 'CPU usage critical!', 'Fix', 0, -15, -10, '2026-01-09 07:51:02'),
(144, 35, 6, 'Server overload detected!', 'Fix', 0, -5, -5, '2026-01-09 07:51:02'),
(145, 35, 7, 'CPU usage critical!', 'Fix', 0, -15, -10, '2026-01-09 07:51:03'),
(146, 35, 8, 'CPU usage critical!', 'Fix', 0, -15, -10, '2026-01-09 07:51:06'),
(147, 35, 9, 'Memory leak detected!', 'Fix', 0, -5, -5, '2026-01-09 07:51:07'),
(148, 36, 1, 'CPU usage critical!', 'Fix', 0, -15, -10, '2026-01-09 07:51:37'),
(149, 36, 2, 'Suspicious login detected!', 'Add Resource', -10, 10, -20, '2026-01-09 07:51:38'),
(150, 36, 3, 'CPU usage critical!', 'Fix', 5, -15, -10, '2026-01-09 07:51:39'),
(151, 36, 4, 'Network latency high!', 'Fix', 5, -10, -5, '2026-01-09 07:51:39'),
(152, 36, 5, 'Suspicious login detected!', 'Fix', 0, 0, -20, '2026-01-09 07:51:40'),
(153, 36, 6, 'CPU usage critical!', 'Fix', 0, -15, -10, '2026-01-09 07:51:40'),
(154, 36, 7, 'Memory leak detected!', 'Add Resource', -20, 0, -5, '2026-01-09 07:51:46'),
(155, 36, 8, 'Memory leak detected!', 'Fix', 0, -10, -5, '2026-01-09 07:51:48'),
(156, 37, 1, 'Server overload detected!', 'Fix', 0, -5, -5, '2026-01-09 07:51:55'),
(157, 37, 2, 'Memory leak detected!', 'Fix', 0, -10, -5, '2026-01-09 07:51:55'),
(158, 37, 3, 'Suspicious login detected!', 'Fix', 0, 0, -20, '2026-01-09 07:51:55'),
(159, 37, 4, 'Server overload detected!', 'Add Resource', -20, 5, -5, '2026-01-09 07:51:56'),
(160, 37, 5, 'CPU usage critical!', 'Add Resource', -15, -5, -10, '2026-01-09 07:51:58'),
(161, 37, 6, 'CPU usage critical!', 'Add Resource', -15, -5, -10, '2026-01-09 07:51:59'),
(162, 37, 7, 'Database connection lost!', 'Fix', 5, -15, -5, '2026-01-09 07:52:04'),
(163, 37, 8, 'Network latency high!', 'Add Resource', -15, 0, -5, '2026-01-09 07:52:08'),
(164, 37, 9, 'Suspicious login detected!', 'Fix', 10, 0, -20, '2026-01-09 07:52:10'),
(165, 38, 1, 'Network latency high!', 'Fix', 0, -10, -5, '2026-01-09 07:52:25'),
(166, 38, 2, 'Database connection lost!', 'Fix', 0, -15, -5, '2026-01-09 07:52:28'),
(167, 38, 3, 'CPU usage critical!', 'Add Resource', -15, -5, -10, '2026-01-09 07:52:29'),
(168, 38, 4, 'CPU usage critical!', 'Fix', 5, -15, -10, '2026-01-09 07:52:31'),
(169, 38, 5, 'Database connection lost!', 'Fix', 5, -15, -5, '2026-01-09 07:52:32'),
(170, 38, 6, 'Suspicious login detected!', 'Fix', 5, 0, -20, '2026-01-09 07:52:33'),
(171, 38, 7, 'Memory leak detected!', 'Fix', 0, -10, -5, '2026-01-09 07:52:34'),
(172, 38, 8, 'Database connection lost!', 'Add Resource', -15, -5, -5, '2026-01-09 07:52:35'),
(173, 38, 9, 'Server overload detected!', 'Add Resource', -20, 5, -5, '2026-01-09 07:52:38'),
(174, 38, 10, 'Memory leak detected!', 'Add Resource', -20, 0, -5, '2026-01-09 07:52:39'),
(175, 39, 1, 'Database connection lost!', 'Fix', 0, -15, -5, '2026-01-09 09:43:06'),
(176, 39, 2, 'CPU usage critical!', 'Fix', 0, -15, -10, '2026-01-09 09:43:07'),
(177, 39, 3, 'Suspicious login detected!', 'Fix', 0, 0, -20, '2026-01-09 09:43:08'),
(178, 39, 4, 'Network latency high!', 'Add Resource', -15, 0, -5, '2026-01-09 09:43:09'),
(179, 39, 5, 'CPU usage critical!', 'Fix', 5, -15, -10, '2026-01-09 09:43:10'),
(180, 39, 6, 'CPU usage critical!', 'Add Resource', -15, -5, -10, '2026-01-09 09:43:11'),
(181, 39, 7, 'Memory leak detected!', 'Fix', 0, -10, -5, '2026-01-09 09:43:12'),
(182, 39, 8, 'Database connection lost!', 'Fix', 5, -15, -5, '2026-01-09 09:43:14'),
(183, 39, 9, 'CPU usage critical!', 'Add Resource', -15, -5, -10, '2026-01-09 09:43:15'),
(184, 39, 10, 'Suspicious login detected!', 'Fix', 10, 0, -20, '2026-01-09 09:43:16'),
(185, 40, 1, 'Memory leak detected!', 'Fix', 0, -10, -5, '2026-01-09 09:43:28'),
(186, 40, 2, 'Suspicious login detected!', 'Fix', 0, 0, -20, '2026-01-09 09:43:29'),
(187, 40, 3, 'Server overload detected!', 'Fix', 0, -5, -5, '2026-01-09 09:43:29'),
(188, 40, 4, 'Suspicious login detected!', 'Fix', 0, 0, -20, '2026-01-09 09:43:29'),
(189, 40, 5, 'CPU usage critical!', 'Fix', 0, -15, -10, '2026-01-09 09:43:29'),
(190, 40, 6, 'Server overload detected!', 'Fix', 0, -5, -5, '2026-01-09 09:43:29'),
(191, 40, 7, 'Network latency high!', 'Fix', 0, -10, -5, '2026-01-09 09:43:30'),
(192, 40, 8, 'CPU usage critical!', 'Fix', 0, -15, -10, '2026-01-09 09:43:30'),
(193, 40, 9, 'Database connection lost!', 'Add Resource', -15, -5, -5, '2026-01-09 09:43:31'),
(194, 40, 10, 'Suspicious login detected!', 'Fix', 10, 0, -15, '2026-01-09 09:43:32'),
(195, 41, 1, 'Network latency high!', 'Fix', 0, -10, -5, '2026-01-09 09:55:34'),
(196, 41, 2, 'CPU usage critical!', 'Add Resource', -15, -5, -10, '2026-01-09 09:55:36'),
(197, 41, 3, 'Server overload detected!', 'Fix', 0, -5, -5, '2026-01-09 09:55:38'),
(198, 41, 4, 'Memory leak detected!', 'Fix', 0, -10, -5, '2026-01-09 09:55:38'),
(199, 41, 5, 'Server overload detected!', 'Add Resource', -20, 5, -5, '2026-01-09 09:55:40'),
(200, 41, 6, 'Server overload detected!', 'Fix', 0, -5, -5, '2026-01-09 09:55:41'),
(201, 41, 7, 'Database connection lost!', 'Fix', 5, -15, -5, '2026-01-09 09:55:41'),
(202, 41, 8, 'Suspicious login detected!', 'Add Resource', -10, 10, -20, '2026-01-09 09:55:43'),
(203, 41, 9, 'Network latency high!', 'Add Resource', -15, 0, -5, '2026-01-09 09:55:44'),
(204, 41, 10, 'Memory leak detected!', 'Fix', 0, -10, -5, '2026-01-09 09:55:45'),
(205, 42, 1, 'Server overload detected!', 'Fix', 0, -5, -5, '2026-01-09 10:49:06'),
(206, 42, 2, 'Database connection lost!', 'Fix', 0, -15, -5, '2026-01-09 10:49:07'),
(207, 42, 3, 'Server overload detected!', 'Fix', 0, -5, -5, '2026-01-09 10:49:07'),
(208, 42, 4, 'Database connection lost!', 'Fix', 0, -15, -5, '2026-01-09 10:49:07'),
(209, 42, 5, 'Memory leak detected!', 'Add Resource', -20, 0, -5, '2026-01-09 10:49:08'),
(210, 42, 6, 'Database connection lost!', 'Add Resource', -15, -5, -5, '2026-01-09 10:49:09'),
(211, 42, 7, 'Database connection lost!', 'Fix', 5, -15, -5, '2026-01-09 10:49:10'),
(212, 42, 8, 'Server overload detected!', 'Fix', 0, -5, -5, '2026-01-09 10:49:10'),
(213, 42, 9, 'Server overload detected!', 'Fix', 0, -5, -5, '2026-01-09 10:49:11'),
(214, 43, 1, 'Memory leak detected!', 'Add Resource', -20, 0, -5, '2026-01-09 10:56:56'),
(215, 43, 2, 'Server overload detected!', 'Fix', 0, -5, -5, '2026-01-09 10:56:57'),
(216, 43, 3, 'Memory leak detected!', 'Fix', 0, -10, -5, '2026-01-09 10:56:58'),
(217, 43, 4, 'Server overload detected!', 'Fix', 0, -5, -5, '2026-01-09 10:56:58'),
(218, 43, 5, 'Memory leak detected!', 'Add Resource', -20, 0, -5, '2026-01-09 10:56:59'),
(219, 43, 6, 'Server overload detected!', 'Fix', 0, -5, -5, '2026-01-09 10:57:00'),
(220, 43, 7, 'CPU usage critical!', 'Add Resource', -15, -5, -10, '2026-01-09 10:57:01'),
(221, 43, 8, 'Server overload detected!', 'Add Resource', -20, 5, -5, '2026-01-09 10:57:02'),
(222, 43, 9, 'Suspicious login detected!', 'Fix', 10, 0, -20, '2026-01-09 10:57:03'),
(223, 44, 1, 'Network latency high!', 'Fix', 0, -10, -5, '2026-01-09 11:04:53'),
(224, 44, 2, 'Suspicious login detected!', 'Add Resource', -10, 10, -20, '2026-01-09 11:04:55'),
(225, 44, 3, 'Suspicious login detected!', 'Add Resource', -10, 0, -20, '2026-01-09 11:04:56'),
(226, 44, 4, 'Suspicious login detected!', 'Fix', 10, 0, -20, '2026-01-09 11:04:57'),
(227, 44, 5, 'Suspicious login detected!', 'Fix', 10, 0, -20, '2026-01-09 11:04:58'),
(228, 44, 6, 'Suspicious login detected!', 'Add Resource', -10, 0, -15, '2026-01-09 11:05:00'),
(229, 45, 1, 'Server overload detected!', 'Fix', 0, -5, -5, '2026-01-09 11:05:12'),
(230, 45, 2, 'Memory leak detected!', 'Fix', 0, -10, -5, '2026-01-09 11:05:12'),
(231, 45, 3, 'Suspicious login detected!', 'Fix', 0, 0, -20, '2026-01-09 11:05:13'),
(232, 45, 4, 'CPU usage critical!', 'Add Resource', -15, -5, -10, '2026-01-09 11:05:14'),
(233, 45, 5, 'Suspicious login detected!', 'Fix', 10, 0, -20, '2026-01-09 11:05:16'),
(234, 45, 6, 'Database connection lost!', 'Fix', 5, -15, -5, '2026-01-09 11:05:16'),
(235, 45, 7, 'Database connection lost!', 'Add Resource', -15, -5, -5, '2026-01-09 11:05:17'),
(236, 45, 8, 'Suspicious login detected!', 'Fix', 10, 0, -20, '2026-01-09 11:05:19'),
(237, 45, 9, 'Suspicious login detected!', 'Add Resource', -10, 10, -10, '2026-01-09 11:05:21'),
(238, 46, 1, 'CPU usage critical!', 'Fix', 0, -15, -10, '2026-01-09 11:05:27'),
(239, 46, 2, 'Network latency high!', 'Fix', 0, -10, -5, '2026-01-09 11:05:28'),
(240, 46, 3, 'Network latency high!', 'Fix', 0, -10, -5, '2026-01-09 11:05:29'),
(241, 46, 4, 'Network latency high!', 'Add Resource', -15, 0, -5, '2026-01-09 11:05:30'),
(242, 46, 5, 'CPU usage critical!', 'Fix', 5, -15, -10, '2026-01-09 11:05:31'),
(243, 46, 6, 'Suspicious login detected!', 'Add Resource', -10, 10, -20, '2026-01-09 11:05:33'),
(244, 46, 7, 'Memory leak detected!', 'Fix', 0, -10, -5, '2026-01-09 11:05:35'),
(245, 46, 8, 'Database connection lost!', 'Add Resource', -15, -5, -5, '2026-01-09 11:05:37'),
(246, 46, 9, 'Database connection lost!', 'Fix', 5, -15, -5, '2026-01-09 11:05:38'),
(247, 47, 1, 'Suspicious login detected!', 'Fix', 0, 0, -20, '2026-01-09 11:10:22'),
(248, 47, 2, 'CPU usage critical!', 'Add Resource', -15, -5, -10, '2026-01-09 11:10:23'),
(249, 47, 3, 'Server overload detected!', 'Fix', 0, -5, -5, '2026-01-09 11:10:24'),
(250, 47, 4, 'Network latency high!', 'Fix', 5, -10, -5, '2026-01-09 11:10:24'),
(251, 47, 5, 'Server overload detected!', 'Fix', 0, -5, -5, '2026-01-09 11:10:24'),
(252, 47, 6, 'Network latency high!', 'Add Resource', -15, 0, -5, '2026-01-09 11:10:25'),
(253, 47, 7, 'Database connection lost!', 'Fix', 5, -15, -5, '2026-01-09 11:10:26'),
(254, 47, 8, 'Server overload detected!', 'Fix', 0, -5, -5, '2026-01-09 11:10:26'),
(255, 47, 9, 'Network latency high!', 'Fix', 5, -10, -5, '2026-01-09 11:10:28'),
(256, 48, 1, 'Network latency high!', 'Fix', 0, -10, -5, '2026-01-09 11:16:23'),
(257, 48, 2, 'Suspicious login detected!', 'Fix', 0, 0, -20, '2026-01-09 11:16:23'),
(258, 48, 3, 'Suspicious login detected!', 'Fix', 0, 0, -20, '2026-01-09 11:16:24'),
(259, 48, 4, 'Database connection lost!', 'Fix', 0, -15, -5, '2026-01-09 11:16:24'),
(260, 48, 5, 'Network latency high!', 'Add Resource', -15, 0, -5, '2026-01-09 11:16:25'),
(261, 48, 6, 'Server overload detected!', 'Add Resource', -20, 5, -5, '2026-01-09 11:16:26'),
(262, 48, 7, 'Server overload detected!', 'Fix', 0, -5, -5, '2026-01-09 11:16:27'),
(263, 48, 8, 'Memory leak detected!', 'Fix', 0, -10, -5, '2026-01-09 11:16:27'),
(264, 48, 9, 'Server overload detected!', 'Fix', 0, -5, -5, '2026-01-09 11:16:28'),
(265, 49, 1, 'Memory leak detected!', 'Fix', 0, -10, -5, '2026-01-09 11:39:58'),
(266, 49, 2, 'CPU usage critical!', 'Fix', 0, -15, -10, '2026-01-09 11:39:59'),
(267, 49, 3, 'CPU usage critical!', 'Fix', 0, -15, -10, '2026-01-09 11:39:59'),
(268, 49, 4, 'Suspicious login detected!', 'Add Resource', -10, 10, -20, '2026-01-09 11:40:00'),
(269, 49, 5, 'Memory leak detected!', 'Add Resource', -20, 0, -5, '2026-01-09 11:40:00'),
(270, 49, 6, 'CPU usage critical!', 'Fix', 5, -15, -10, '2026-01-09 11:40:02'),
(271, 49, 7, 'Database connection lost!', 'Fix', 5, -15, -5, '2026-01-09 11:40:04'),
(272, 49, 8, 'Server overload detected!', 'Add Resource', -20, 5, -5, '2026-01-09 11:40:05'),
(273, 49, 9, 'Suspicious login detected!', 'Fix', 10, 0, -20, '2026-01-09 11:40:06'),
(274, 49, 10, 'Database connection lost!', 'Fix', 5, -15, -5, '2026-01-09 11:40:07'),
(275, 49, 11, 'Suspicious login detected!', 'Fix', 10, 0, -5, '2026-01-09 11:40:08'),
(276, 50, 1, 'Memory leak detected!', 'Fix', 0, -10, -5, '2026-01-09 11:40:20'),
(277, 50, 2, 'Server overload detected!', 'Fix', 0, -5, -5, '2026-01-09 11:40:20'),
(278, 50, 3, 'CPU usage critical!', 'Fix', 0, -15, -10, '2026-01-09 11:40:20'),
(279, 50, 4, 'Memory leak detected!', 'Fix', 0, -10, -5, '2026-01-09 11:40:20'),
(280, 50, 5, 'Suspicious login detected!', 'Fix', 0, 0, -20, '2026-01-09 11:40:21'),
(281, 50, 6, 'Memory leak detected!', 'Fix', 0, -10, -5, '2026-01-09 11:40:21'),
(282, 50, 7, 'Network latency high!', 'Add Resource', -15, 0, -5, '2026-01-09 11:40:22'),
(283, 50, 8, 'CPU usage critical!', 'Add Resource', -15, -5, -10, '2026-01-09 11:40:22'),
(284, 50, 9, 'Network latency high!', 'Fix', 5, -10, -5, '2026-01-09 11:40:24'),
(285, 50, 10, 'Memory leak detected!', 'Fix', 0, -10, -5, '2026-01-09 11:40:24'),
(286, 51, 1, 'CPU usage critical!', 'Fix', 0, -15, -10, '2026-01-09 11:56:14'),
(287, 51, 2, 'Suspicious login detected!', 'Fix', 0, 0, -20, '2026-01-09 11:56:14'),
(288, 51, 3, 'Network latency high!', 'Fix', 0, -10, -5, '2026-01-09 11:56:14'),
(289, 51, 4, 'Server overload detected!', 'Fix', 0, -5, -5, '2026-01-09 11:56:15'),
(290, 51, 5, 'CPU usage critical!', 'Add Resource', -15, -5, -10, '2026-01-09 11:56:16'),
(291, 51, 6, 'Network latency high!', 'Add Resource', -15, 0, -5, '2026-01-09 11:56:16'),
(292, 51, 7, 'Server overload detected!', 'Fix', 0, -5, -5, '2026-01-09 11:56:17'),
(293, 51, 8, 'Suspicious login detected!', 'Fix', 10, 0, -20, '2026-01-09 11:56:18'),
(294, 51, 9, 'Suspicious login detected!', 'Add Resource', -10, 10, -20, '2026-01-09 11:56:20'),
(295, 52, 1, 'Suspicious login detected!', 'Fix', 0, 0, -20, '2026-01-09 11:56:24'),
(296, 52, 2, 'Suspicious login detected!', 'Fix', 0, 0, -20, '2026-01-09 11:56:24'),
(297, 52, 3, 'Server overload detected!', 'Fix', 0, -5, -5, '2026-01-09 11:56:24'),
(298, 52, 4, 'CPU usage critical!', 'Add Resource', -15, -5, -10, '2026-01-09 11:56:26'),
(299, 52, 5, 'CPU usage critical!', 'Add Resource', -15, -5, -10, '2026-01-09 11:56:26'),
(300, 52, 6, 'Network latency high!', 'Add Resource', -15, 0, -5, '2026-01-09 11:56:27'),
(301, 52, 7, 'CPU usage critical!', 'Add Resource', -15, -5, -10, '2026-01-09 11:56:27'),
(302, 52, 8, 'Database connection lost!', 'Fix', 5, -15, -5, '2026-01-09 11:56:28'),
(303, 52, 9, 'Network latency high!', 'Fix', 5, -10, -5, '2026-01-09 11:56:28'),
(304, 52, 10, 'Memory leak detected!', 'Fix', 0, -10, -5, '2026-01-09 11:56:28'),
(305, 52, 11, 'Server overload detected!', 'Fix', 0, -5, -5, '2026-01-09 11:56:29'),
(306, 53, 1, 'Network latency high!', 'Fix', 0, -10, -5, '2026-01-09 11:56:31'),
(307, 53, 2, 'Memory leak detected!', 'Fix', 0, -10, -5, '2026-01-09 11:56:32'),
(308, 53, 3, 'Server overload detected!', 'Fix', 0, -5, -5, '2026-01-09 11:56:32'),
(309, 53, 4, 'Suspicious login detected!', 'Fix', 0, 0, -20, '2026-01-09 11:56:32'),
(310, 53, 5, 'Suspicious login detected!', 'Fix', 0, 0, -20, '2026-01-09 11:56:32'),
(311, 53, 6, 'Suspicious login detected!', 'Add Resource', -10, 10, -20, '2026-01-09 11:56:33'),
(312, 53, 7, 'Database connection lost!', 'Fix', 5, -15, -5, '2026-01-09 11:56:34'),
(313, 53, 8, 'Server overload detected!', 'Fix', 0, -5, -5, '2026-01-09 11:56:34'),
(314, 53, 9, 'CPU usage critical!', 'Fix', 5, -15, -10, '2026-01-09 11:56:35'),
(315, 53, 10, 'Server overload detected!', 'Fix', 0, -5, -5, '2026-01-09 11:56:35'),
(316, 54, 1, 'Network latency high!', 'Fix', 0, -10, -5, '2026-01-09 11:56:39'),
(317, 54, 2, 'Memory leak detected!', 'Add Resource', -20, 0, -5, '2026-01-09 11:56:40'),
(318, 54, 3, 'Memory leak detected!', 'Fix', 0, -10, -5, '2026-01-09 11:56:41'),
(319, 54, 4, 'Network latency high!', 'Fix', 5, -10, -5, '2026-01-09 11:56:42'),
(320, 54, 5, 'CPU usage critical!', 'Add Resource', -15, -5, -10, '2026-01-09 11:56:43'),
(321, 54, 6, 'Network latency high!', 'Fix', 5, -10, -5, '2026-01-09 11:56:44'),
(322, 54, 7, 'Database connection lost!', 'Fix', 5, -15, -5, '2026-01-09 11:56:45'),
(323, 54, 8, 'Suspicious login detected!', 'Fix', 10, 0, -20, '2026-01-09 11:56:46'),
(324, 54, 9, 'Network latency high!', 'Fix', 5, -10, -5, '2026-01-09 11:56:47'),
(325, 54, 10, 'Memory leak detected!', 'Fix', 0, -10, -5, '2026-01-09 11:56:48'),
(326, 54, 11, 'Server overload detected!', 'Add Resource', -20, 5, -5, '2026-01-09 11:56:50'),
(327, 54, 12, 'Suspicious login detected!', 'Fix', 10, 0, -20, '2026-01-09 11:56:51'),
(328, 54, 13, 'Network latency high!', 'Fix', 5, -10, -5, '2026-01-09 11:56:52'),
(329, 55, 1, 'Database connection lost!', 'Fix', 0, -15, -5, '2026-01-09 11:56:59'),
(330, 55, 2, 'Network latency high!', 'Fix', 0, -10, -5, '2026-01-09 11:56:59'),
(331, 55, 3, 'Network latency high!', 'Fix', 0, -10, -5, '2026-01-09 11:57:00'),
(332, 55, 4, 'CPU usage critical!', 'Fix', 0, -15, -10, '2026-01-09 11:57:00'),
(333, 55, 5, 'Server overload detected!', 'Add Resource', -20, 5, -5, '2026-01-09 11:57:01'),
(334, 55, 6, 'CPU usage critical!', 'Fix', 5, -15, -10, '2026-01-09 11:57:01'),
(335, 55, 7, 'Suspicious login detected!', 'Fix', 10, 0, -20, '2026-01-09 11:57:02'),
(336, 55, 8, 'Memory leak detected!', 'Fix', 0, -10, -5, '2026-01-09 11:57:02'),
(337, 55, 9, 'Suspicious login detected!', 'Fix', 5, 0, -20, '2026-01-09 11:57:02'),
(338, 55, 10, 'Network latency high!', 'Add Resource', -15, 0, -5, '2026-01-09 11:57:04'),
(339, 55, 11, 'Network latency high!', 'Fix', 5, -10, -5, '2026-01-09 11:57:05'),
(340, 55, 12, 'Memory leak detected!', 'Fix', 0, -10, -5, '2026-01-09 11:57:06'),
(341, 56, 1, 'Memory leak detected!', 'Add Resource', -20, 0, -5, '2026-01-09 11:57:08'),
(342, 56, 2, 'Suspicious login detected!', 'Add Resource', -10, 0, -20, '2026-01-09 11:57:08'),
(343, 56, 3, 'Memory leak detected!', 'Fix', 0, -10, -5, '2026-01-09 11:57:09'),
(344, 56, 4, 'Memory leak detected!', 'Fix', 0, -10, -5, '2026-01-09 11:57:10'),
(345, 56, 5, 'CPU usage critical!', 'Fix', 5, -15, -10, '2026-01-09 11:57:10'),
(346, 56, 6, 'Memory leak detected!', 'Fix', 0, -10, -5, '2026-01-09 11:57:10'),
(347, 56, 7, 'Network latency high!', 'Fix', 5, -10, -5, '2026-01-09 11:57:10'),
(348, 56, 8, 'Network latency high!', 'Fix', 5, -10, -5, '2026-01-09 11:57:11'),
(349, 56, 9, 'CPU usage critical!', 'Fix', 5, -15, -10, '2026-01-09 11:57:11'),
(350, 56, 10, 'Server overload detected!', 'Fix', 0, -5, -5, '2026-01-09 11:57:12'),
(351, 56, 11, 'Memory leak detected!', 'Fix', 0, -10, -5, '2026-01-09 11:57:13'),
(352, 56, 12, 'Database connection lost!', 'Fix', 5, -5, -5, '2026-01-09 11:57:13'),
(353, 57, 1, 'Suspicious login detected!', 'Fix', 0, 0, -20, '2026-01-09 11:59:00'),
(354, 57, 2, 'Server overload detected!', 'Fix', 0, -5, -5, '2026-01-09 11:59:00'),
(355, 57, 3, 'Server overload detected!', 'Fix', 0, -5, -5, '2026-01-09 11:59:00'),
(356, 57, 4, 'Database connection lost!', 'Fix', 0, -15, -5, '2026-01-09 11:59:00'),
(357, 57, 5, 'Memory leak detected!', 'Fix', 0, -10, -5, '2026-01-09 11:59:01'),
(358, 57, 6, 'Server overload detected!', 'Fix', 0, -5, -5, '2026-01-09 11:59:01'),
(359, 57, 7, 'Network latency high!', 'Fix', 0, -10, -5, '2026-01-09 11:59:01'),
(360, 57, 8, 'Suspicious login detected!', 'Fix', 0, 0, -20, '2026-01-09 11:59:01'),
(361, 57, 9, 'Network latency high!', 'Fix', 0, -10, -5, '2026-01-09 11:59:02'),
(362, 57, 10, 'Database connection lost!', 'Fix', 0, -15, -5, '2026-01-09 11:59:02'),
(363, 57, 11, 'Server overload detected!', 'Fix', 0, -5, -5, '2026-01-09 11:59:03'),
(364, 57, 12, 'CPU usage critical!', 'Fix', 0, -15, -10, '2026-01-09 11:59:03'),
(365, 57, 13, 'CPU usage critical!', 'Fix', 0, -5, -5, '2026-01-09 11:59:04'),
(366, 59, 1, 'Suspicious login detected!', 'Fix', 0, 0, -20, '2026-01-09 12:07:03'),
(367, 59, 2, 'Memory leak detected!', 'Fix', 0, -10, -5, '2026-01-09 12:07:03'),
(368, 59, 3, 'Database connection lost!', 'Fix', 0, -15, -5, '2026-01-09 12:07:04'),
(369, 59, 4, 'Suspicious login detected!', 'Fix', 0, 0, -20, '2026-01-09 12:07:04'),
(370, 59, 5, 'Suspicious login detected!', 'Fix', 0, 0, -20, '2026-01-09 12:07:04'),
(371, 59, 6, 'Network latency high!', 'Add Resource', -15, 0, -5, '2026-01-09 12:07:05'),
(372, 59, 7, 'CPU usage critical!', 'Fix', 5, -15, -10, '2026-01-09 12:07:06'),
(373, 59, 8, 'Database connection lost!', 'Fix', 5, -15, -5, '2026-01-09 12:07:07'),
(374, 59, 9, 'Suspicious login detected!', 'Fix', 5, 0, -10, '2026-01-09 12:07:07'),
(375, 60, 1, 'Network latency high!', 'Fix', 0, -10, -5, '2026-01-09 12:07:11'),
(376, 60, 2, 'Memory leak detected!', 'Fix', 0, -10, -5, '2026-01-09 12:07:11'),
(377, 60, 3, 'Memory leak detected!', 'Fix', 0, -10, -5, '2026-01-09 12:07:11'),
(378, 60, 4, 'Database connection lost!', 'Fix', 0, -15, -5, '2026-01-09 12:07:11'),
(379, 60, 5, 'Database connection lost!', 'Fix', 0, -15, -5, '2026-01-09 12:07:12'),
(380, 60, 6, 'Database connection lost!', 'Fix', 0, -15, -5, '2026-01-09 12:07:12'),
(381, 60, 7, 'Memory leak detected!', 'Fix', 0, -10, -5, '2026-01-09 12:07:12'),
(382, 60, 8, 'CPU usage critical!', 'Fix', 0, -15, -10, '2026-01-09 12:07:12'),
(383, 61, 1, 'Network latency high!', 'Fix', 0, -10, -5, '2026-01-09 12:07:15'),
(384, 61, 2, 'Memory leak detected!', 'Fix', 0, -10, -5, '2026-01-09 12:07:15'),
(385, 61, 3, 'Database connection lost!', 'Fix', 0, -15, -5, '2026-01-09 12:07:15'),
(386, 61, 4, 'Network latency high!', 'Add Resource', -15, 0, -5, '2026-01-09 12:07:16'),
(387, 61, 5, 'Server overload detected!', 'Fix', 0, -5, -5, '2026-01-09 12:07:17'),
(388, 61, 6, 'Network latency high!', 'Add Resource', -15, 0, -5, '2026-01-09 12:07:18'),
(389, 61, 7, 'Database connection lost!', 'Fix', 5, -15, -5, '2026-01-09 12:07:18'),
(390, 61, 8, 'Network latency high!', 'Fix', 5, -10, -5, '2026-01-09 12:07:19'),
(391, 61, 9, 'Database connection lost!', 'Add Resource', -15, -5, -5, '2026-01-09 12:07:20'),
(392, 61, 10, 'Database connection lost!', 'Fix', 5, -15, -5, '2026-01-09 12:07:21'),
(393, 61, 11, 'Network latency high!', 'Fix', 5, -10, -5, '2026-01-09 12:07:24'),
(394, 61, 12, 'CPU usage critical!', 'Fix', 5, -5, -10, '2026-01-09 12:07:27'),
(395, 61, 13, 'Server overload detected!', 'Fix', 0, 0, -5, '2026-01-09 12:07:29'),
(396, 61, 14, 'Database connection lost!', 'Fix', 5, 0, -5, '2026-01-09 12:07:29'),
(397, 61, 15, 'Server overload detected!', 'Fix', 0, 0, -5, '2026-01-09 12:07:30'),
(398, 61, 16, 'Network latency high!', 'Fix', 5, 0, -5, '2026-01-09 12:07:30'),
(399, 62, 1, 'Suspicious login detected!', 'Fix', 0, 0, -20, '2026-01-09 12:07:37'),
(400, 62, 2, 'Database connection lost!', 'Fix', 0, -15, -5, '2026-01-09 12:07:38'),
(401, 62, 3, 'Memory leak detected!', 'Fix', 0, -10, -5, '2026-01-09 12:07:38'),
(402, 62, 4, 'Network latency high!', 'Fix', 0, -10, -5, '2026-01-09 12:07:38'),
(403, 62, 5, 'CPU usage critical!', 'Fix', 0, -15, -10, '2026-01-09 12:07:38'),
(404, 62, 6, 'Network latency high!', 'Fix', 0, -10, -5, '2026-01-09 12:07:39'),
(405, 62, 7, 'CPU usage critical!', 'Fix', 0, -15, -10, '2026-01-09 12:07:39'),
(406, 62, 8, 'Memory leak detected!', 'Fix', 0, -10, -5, '2026-01-09 12:07:39'),
(407, 62, 9, 'Database connection lost!', 'Fix', 0, -15, -5, '2026-01-09 12:07:39'),
(408, 63, 1, 'Network latency high!', 'Fix', 0, -10, -5, '2026-01-09 12:07:43'),
(409, 63, 2, 'Memory leak detected!', 'Fix', 0, -10, -5, '2026-01-09 12:07:43'),
(410, 63, 3, 'Memory leak detected!', 'Fix', 0, -10, -5, '2026-01-09 12:07:43'),
(411, 63, 4, 'Suspicious login detected!', 'Fix', 0, 0, -20, '2026-01-09 12:07:43'),
(412, 63, 5, 'Suspicious login detected!', 'Fix', 0, 0, -20, '2026-01-09 12:07:44'),
(413, 63, 6, 'Server overload detected!', 'Fix', 0, -5, -5, '2026-01-09 12:07:44'),
(414, 63, 7, 'Memory leak detected!', 'Fix', 0, -10, -5, '2026-01-09 12:07:44'),
(415, 63, 8, 'Memory leak detected!', 'Fix', 0, -10, -5, '2026-01-09 12:07:44'),
(416, 63, 9, 'Network latency high!', 'Add Resource', -15, 0, -5, '2026-01-09 12:07:46'),
(417, 63, 10, 'CPU usage critical!', 'Add Resource', -15, -5, -10, '2026-01-09 12:07:47'),
(418, 63, 11, 'Server overload detected!', 'Add Resource', -20, 5, -5, '2026-01-09 12:07:47'),
(419, 63, 12, 'Suspicious login detected!', 'Fix', 10, 0, -10, '2026-01-09 12:07:49'),
(420, 64, 1, 'Database connection lost!', 'Fix', 0, -15, -5, '2026-01-09 12:07:54'),
(421, 64, 2, 'Memory leak detected!', 'Fix', 0, -10, -5, '2026-01-09 12:07:54'),
(422, 64, 3, 'Network latency high!', 'Fix', 0, -10, -5, '2026-01-09 12:07:54'),
(423, 64, 4, 'Memory leak detected!', 'Fix', 0, -10, -5, '2026-01-09 12:07:54'),
(424, 64, 5, 'Memory leak detected!', 'Fix', 0, -10, -5, '2026-01-09 12:07:54'),
(425, 64, 6, 'CPU usage critical!', 'Fix', 0, -15, -10, '2026-01-09 12:07:54'),
(426, 64, 7, 'Server overload detected!', 'Fix', 0, -5, -5, '2026-01-09 12:07:55'),
(427, 64, 8, 'Server overload detected!', 'Fix', 0, -5, -5, '2026-01-09 12:07:55'),
(428, 64, 9, 'CPU usage critical!', 'Fix', 0, -15, -10, '2026-01-09 12:07:55'),
(429, 64, 10, 'CPU usage critical!', 'Fix', 0, -5, -10, '2026-01-09 12:07:55'),
(430, 64, 11, 'Suspicious login detected!', 'Fix', 0, 0, -20, '2026-01-09 12:07:56'),
(431, 65, 1, 'Suspicious login detected!', 'Fix', 0, 0, -20, '2026-01-09 12:08:51'),
(432, 65, 2, 'Suspicious login detected!', 'Fix', 0, 0, -20, '2026-01-09 12:08:51'),
(433, 65, 3, 'Database connection lost!', 'Fix', 0, -15, -5, '2026-01-09 12:08:52'),
(434, 65, 4, 'Memory leak detected!', 'Fix', 0, -10, -5, '2026-01-09 12:08:52'),
(435, 65, 5, 'Server overload detected!', 'Fix', 0, -5, -5, '2026-01-09 12:08:52'),
(436, 65, 6, 'Database connection lost!', 'Add Resource', -15, -5, -5, '2026-01-09 12:08:53'),
(437, 65, 7, 'Suspicious login detected!', 'Fix', 10, 0, -20, '2026-01-09 12:08:54'),
(438, 65, 8, 'CPU usage critical!', 'Fix', 5, -15, -10, '2026-01-09 12:08:54'),
(439, 65, 9, 'CPU usage critical!', 'Add Resource', -15, -5, -10, '2026-01-09 12:08:56'),
(440, 66, 1, 'CPU usage critical!', 'Fix', 0, -15, -10, '2026-01-09 12:08:59'),
(441, 66, 2, 'Suspicious login detected!', 'Fix', 0, 0, -20, '2026-01-09 12:08:59'),
(442, 66, 3, 'Suspicious login detected!', 'Fix', 0, 0, -20, '2026-01-09 12:08:59'),
(443, 66, 4, 'Database connection lost!', 'Fix', 0, -15, -5, '2026-01-09 12:08:59'),
(444, 66, 5, 'Network latency high!', 'Fix', 0, -10, -5, '2026-01-09 12:08:59'),
(445, 66, 6, 'Database connection lost!', 'Fix', 0, -15, -5, '2026-01-09 12:09:00'),
(446, 66, 7, 'Server overload detected!', 'Fix', 0, -5, -5, '2026-01-09 12:09:00'),
(447, 66, 8, 'Memory leak detected!', 'Fix', 0, -10, -5, '2026-01-09 12:09:01'),
(448, 66, 9, 'CPU usage critical!', 'Fix', 0, -15, -10, '2026-01-09 12:09:01'),
(449, 66, 10, 'CPU usage critical!', 'Fix', 0, -15, -10, '2026-01-09 12:09:02'),
(450, 67, 1, 'Network latency high!', 'Fix', 0, -10, -5, '2026-01-09 12:25:31'),
(451, 67, 2, 'Database connection lost!', 'Fix', 0, -15, -5, '2026-01-09 12:25:31'),
(452, 67, 3, 'Network latency high!', 'Fix', 0, -10, -5, '2026-01-09 12:25:31'),
(453, 67, 4, 'Suspicious login detected!', 'Fix', 0, 0, -20, '2026-01-09 12:25:31'),
(454, 67, 5, 'Memory leak detected!', 'Fix', 0, -10, -5, '2026-01-09 12:25:32'),
(455, 67, 6, 'Network latency high!', 'Fix', 0, -10, -5, '2026-01-09 12:25:32'),
(456, 67, 7, 'Suspicious login detected!', 'Add Resource', -10, 10, -20, '2026-01-09 12:25:33'),
(457, 67, 8, 'Server overload detected!', 'Fix', 0, -5, -5, '2026-01-09 12:25:34'),
(458, 67, 9, 'Database connection lost!', 'Fix', 5, -15, -5, '2026-01-09 12:25:35'),
(459, 67, 10, 'Memory leak detected!', 'Fix', 0, -10, -5, '2026-01-09 12:25:36'),
(460, 67, 11, 'Memory leak detected!', 'Fix', 0, -10, -5, '2026-01-09 12:25:38'),
(461, 67, 12, 'CPU usage critical!', 'Fix', 5, -15, -10, '2026-01-09 12:25:40'),
(462, 68, 1, 'Suspicious login detected!', 'Fix', 0, 0, -20, '2026-01-09 13:15:50'),
(463, 68, 2, 'Database connection lost!', 'Fix', 0, -15, -5, '2026-01-09 13:15:50'),
(464, 68, 3, 'Server overload detected!', 'Fix', 0, -5, -5, '2026-01-09 13:15:50'),
(465, 68, 4, 'Suspicious login detected!', 'Fix', 0, 0, -20, '2026-01-09 13:15:50'),
(466, 68, 5, 'Database connection lost!', 'Fix', 0, -15, -5, '2026-01-09 13:15:51'),
(467, 68, 6, 'Suspicious login detected!', 'Add Resource', -10, 10, -20, '2026-01-09 13:15:52'),
(468, 68, 7, 'Network latency high!', 'Fix', 5, -10, -5, '2026-01-09 13:15:53'),
(469, 68, 8, 'CPU usage critical!', 'Fix', 5, -15, -10, '2026-01-09 13:15:54'),
(470, 68, 9, 'Network latency high!', 'Fix', 0, -10, -5, '2026-01-09 13:15:55'),
(471, 68, 10, 'Suspicious login detected!', 'Fix', 0, 0, -5, '2026-01-09 13:15:56'),
(472, 69, 1, 'Network latency high!', 'Fix', 0, -10, -5, '2026-01-09 13:16:03'),
(473, 69, 2, 'Database connection lost!', 'Fix', 0, -15, -5, '2026-01-09 13:16:03'),
(474, 69, 3, 'Suspicious login detected!', 'Fix', 0, 0, -20, '2026-01-09 13:16:03'),
(475, 69, 4, 'CPU usage critical!', 'Fix', 0, -15, -10, '2026-01-09 13:16:03'),
(476, 69, 5, 'CPU usage critical!', 'Fix', 0, -15, -10, '2026-01-09 13:16:03'),
(477, 69, 6, 'Database connection lost!', 'Fix', 0, -15, -5, '2026-01-09 13:16:04'),
(478, 69, 7, 'Network latency high!', 'Fix', 0, -10, -5, '2026-01-09 13:16:04'),
(479, 69, 8, 'CPU usage critical!', 'Fix', 0, -15, -10, '2026-01-09 13:16:04'),
(480, 69, 9, 'CPU usage critical!', 'Fix', 0, -5, -10, '2026-01-09 13:16:04'),
(481, 70, 1, 'Suspicious login detected!', 'Fix', 0, 0, -20, '2026-01-09 13:16:07'),
(482, 70, 2, 'CPU usage critical!', 'Add Resource', -15, -5, -10, '2026-01-09 13:16:08'),
(483, 70, 3, 'Database connection lost!', 'Fix', 5, -15, -5, '2026-01-09 13:16:10'),
(484, 70, 4, 'Network latency high!', 'Fix', 5, -10, -5, '2026-01-09 13:16:10'),
(485, 70, 5, 'Suspicious login detected!', 'Fix', 5, 0, -20, '2026-01-09 13:16:11'),
(486, 70, 6, 'CPU usage critical!', 'Add Resource', -15, -5, -10, '2026-01-09 13:16:12'),
(487, 70, 7, 'Server overload detected!', 'Fix', 0, -5, -5, '2026-01-09 13:16:13'),
(488, 70, 8, 'Network latency high!', 'Fix', 5, -10, -5, '2026-01-09 13:16:14'),
(489, 70, 9, 'Database connection lost!', 'Fix', 5, -15, -5, '2026-01-09 13:16:15'),
(490, 70, 10, 'Database connection lost!', 'Fix', 5, -15, -5, '2026-01-09 13:16:16'),
(491, 70, 11, 'CPU usage critical!', 'Fix', 0, -15, -10, '2026-01-09 13:16:17'),
(492, 71, 1, 'Memory leak detected!', 'Fix', 0, -10, -5, '2026-01-09 13:20:48'),
(493, 71, 2, 'Suspicious login detected!', 'Fix', 0, 0, -20, '2026-01-09 13:20:49'),
(494, 71, 3, 'Database connection lost!', 'Fix', 0, -15, -5, '2026-01-09 13:20:49'),
(495, 71, 4, 'Suspicious login detected!', 'Fix', 0, 0, -20, '2026-01-09 13:20:49'),
(496, 71, 5, 'Network latency high!', 'Fix', 0, -10, -5, '2026-01-09 13:20:49'),
(497, 71, 6, 'Suspicious login detected!', 'Fix', 0, 0, -20, '2026-01-09 13:20:49'),
(498, 71, 7, 'Suspicious login detected!', 'Fix', 0, 0, -20, '2026-01-09 13:20:50'),
(499, 71, 8, 'Suspicious login detected!', 'Add Resource', -10, 10, -5, '2026-01-09 13:20:51'),
(500, 72, 1, 'Network latency high!', 'Fix', 0, -10, -5, '2026-01-09 13:20:55'),
(501, 72, 2, 'Database connection lost!', 'Fix', 0, -15, -5, '2026-01-09 13:20:55'),
(502, 72, 3, 'CPU usage critical!', 'Fix', 0, -15, -10, '2026-01-09 13:20:56'),
(503, 72, 4, 'CPU usage critical!', 'Fix', 0, -15, -10, '2026-01-09 13:20:56'),
(504, 72, 5, 'Memory leak detected!', 'Fix', 0, -10, -5, '2026-01-09 13:20:57'),
(505, 72, 6, 'Suspicious login detected!', 'Add Resource', -10, 10, -20, '2026-01-09 13:20:58'),
(506, 72, 7, 'Server overload detected!', 'Fix', 0, -5, -5, '2026-01-09 13:20:59'),
(507, 72, 8, 'Suspicious login detected!', 'Add Resource', -10, 10, -20, '2026-01-09 13:21:01'),
(508, 72, 9, 'Memory leak detected!', 'Fix', 0, -10, -5, '2026-01-09 13:21:02'),
(509, 72, 10, 'Suspicious login detected!', 'Fix', 10, 0, -15, '2026-01-09 13:21:03'),
(510, 73, 1, 'Server overload detected!', 'Fix', 0, -5, -5, '2026-01-09 13:21:06'),
(511, 73, 2, 'Database connection lost!', 'Fix', 0, -15, -5, '2026-01-09 13:21:06'),
(512, 73, 3, 'Database connection lost!', 'Fix', 0, -15, -5, '2026-01-09 13:21:06'),
(513, 73, 4, 'Database connection lost!', 'Fix', 0, -15, -5, '2026-01-09 13:21:06'),
(514, 73, 5, 'Database connection lost!', 'Fix', 0, -15, -5, '2026-01-09 13:21:07'),
(515, 73, 6, 'Database connection lost!', 'Fix', 0, -15, -5, '2026-01-09 13:21:07'),
(516, 73, 7, 'Suspicious login detected!', 'Fix', 0, 0, -20, '2026-01-09 13:21:07'),
(517, 73, 8, 'Suspicious login detected!', 'Fix', 0, 0, -20, '2026-01-09 13:21:07'),
(518, 73, 9, 'Memory leak detected!', 'Fix', 0, -10, -5, '2026-01-09 13:21:07'),
(519, 73, 10, 'CPU usage critical!', 'Fix', 0, -10, -10, '2026-01-09 13:21:08'),
(520, 74, 1, 'Suspicious login detected!', 'Add Resource', -10, 0, -20, '2026-01-09 13:21:11'),
(521, 74, 2, 'Memory leak detected!', 'Add Resource', -20, 0, -5, '2026-01-09 13:21:12'),
(522, 74, 3, 'Server overload detected!', 'Add Resource', -20, 0, -5, '2026-01-09 13:21:12'),
(523, 74, 4, 'Network latency high!', 'Add Resource', -15, 0, -5, '2026-01-09 13:21:12'),
(524, 74, 5, 'Database connection lost!', 'Fix', 5, -15, -5, '2026-01-09 13:21:14'),
(525, 74, 6, 'Memory leak detected!', 'Fix', 0, -10, -5, '2026-01-09 13:21:14'),
(526, 74, 7, 'CPU usage critical!', 'Fix', 5, -15, -10, '2026-01-09 13:21:15'),
(527, 74, 8, 'Network latency high!', 'Fix', 5, -10, -5, '2026-01-09 13:21:16'),
(528, 74, 9, 'Network latency high!', 'Fix', 5, -10, -5, '2026-01-09 13:21:16'),
(529, 74, 10, 'CPU usage critical!', 'Fix', 5, -15, -10, '2026-01-09 13:21:17'),
(530, 75, 1, 'CPU usage critical!', 'Fix', 0, -15, -10, '2026-01-09 13:23:26'),
(531, 75, 2, 'Database connection lost!', 'Fix', 0, -15, -5, '2026-01-09 13:23:27'),
(532, 75, 3, 'CPU usage critical!', 'Fix', 0, -15, -10, '2026-01-09 13:23:27'),
(533, 75, 4, 'Memory leak detected!', 'Fix', 0, -10, -5, '2026-01-09 13:23:28'),
(534, 75, 5, 'CPU usage critical!', 'Add Resource', -15, -5, -10, '2026-01-09 13:23:30'),
(535, 75, 6, 'Suspicious login detected!', 'Add Resource', -10, 10, -20, '2026-01-09 13:23:30'),
(536, 75, 7, 'Server overload detected!', 'Fix', 0, -5, -5, '2026-01-09 13:23:31'),
(537, 75, 8, 'Server overload detected!', 'Fix', 0, -5, -5, '2026-01-09 13:23:32'),
(538, 75, 9, 'Suspicious login detected!', 'Add Resource', -10, 10, -20, '2026-01-09 13:23:34'),
(539, 75, 10, 'Network latency high!', 'Fix', 5, -10, -5, '2026-01-09 13:23:36'),
(540, 75, 11, 'Memory leak detected!', 'Fix', 0, -10, -5, '2026-01-09 13:23:37'),
(541, 76, 1, 'Network latency high!', 'Fix', 0, -10, -5, '2026-01-09 13:23:40'),
(542, 76, 2, 'Suspicious login detected!', 'Fix', 0, 0, -20, '2026-01-09 13:23:41'),
(543, 76, 3, 'CPU usage critical!', 'Fix', 0, -15, -10, '2026-01-09 13:23:41'),
(544, 76, 4, 'Database connection lost!', 'Fix', 0, -15, -5, '2026-01-09 13:23:41'),
(545, 76, 5, 'Database connection lost!', 'Fix', 0, -15, -5, '2026-01-09 13:23:42'),
(546, 76, 6, 'Network latency high!', 'Add Resource', -15, 0, -5, '2026-01-09 13:23:43'),
(547, 76, 7, 'Database connection lost!', 'Add Resource', -15, -5, -5, '2026-01-09 13:23:43'),
(548, 76, 8, 'Database connection lost!', 'Add Resource', -15, -5, -5, '2026-01-09 13:23:44'),
(549, 76, 9, 'Network latency high!', 'Fix', 5, -10, -5, '2026-01-09 13:23:45'),
(550, 76, 10, 'Suspicious login detected!', 'Fix', 10, 0, -20, '2026-01-09 13:23:46'),
(551, 76, 11, 'Network latency high!', 'Fix', 5, -10, -5, '2026-01-09 13:23:48'),
(552, 76, 12, 'Database connection lost!', 'Fix', 5, -15, -5, '2026-01-09 13:23:50'),
(553, 77, 1, 'Database connection lost!', 'Add Resource', -15, -5, -5, '2026-01-09 13:23:54'),
(554, 77, 2, 'CPU usage critical!', 'Add Resource', -15, -5, -10, '2026-01-09 13:23:54'),
(555, 77, 3, 'Memory leak detected!', 'Add Resource', -20, 0, -5, '2026-01-09 13:23:54'),
(556, 77, 4, 'Memory leak detected!', 'Fix', 0, -10, -5, '2026-01-09 13:23:55'),
(557, 77, 5, 'CPU usage critical!', 'Fix', 5, -15, -10, '2026-01-09 13:23:55'),
(558, 77, 6, 'Memory leak detected!', 'Fix', 0, -10, -5, '2026-01-09 13:23:56'),
(559, 77, 7, 'Memory leak detected!', 'Fix', 0, -10, -5, '2026-01-09 13:23:56'),
(560, 77, 8, 'CPU usage critical!', 'Fix', 5, -15, -10, '2026-01-09 13:23:56'),
(561, 77, 9, 'Suspicious login detected!', 'Fix', 10, 0, -20, '2026-01-09 13:23:56'),
(562, 77, 10, 'Suspicious login detected!', 'Fix', 10, 0, -20, '2026-01-09 13:23:56'),
(563, 77, 11, 'Suspicious login detected!', 'Fix', 10, 0, -5, '2026-01-09 13:23:57'),
(564, 78, 1, 'Network latency high!', 'Fix', 0, -10, -5, '2026-01-09 13:24:00'),
(565, 78, 2, 'Network latency high!', 'Fix', 0, -10, -5, '2026-01-09 13:24:00'),
(566, 78, 3, 'Suspicious login detected!', 'Fix', 0, 0, -20, '2026-01-09 13:24:00'),
(567, 78, 4, 'Server overload detected!', 'Fix', 0, -5, -5, '2026-01-09 13:24:01'),
(568, 78, 5, 'Memory leak detected!', 'Fix', 0, -10, -5, '2026-01-09 13:24:01'),
(569, 78, 6, 'Suspicious login detected!', 'Fix', 0, 0, -20, '2026-01-09 13:24:01'),
(570, 78, 7, 'Suspicious login detected!', 'Fix', 0, 0, -20, '2026-01-09 13:24:01'),
(571, 78, 8, 'CPU usage critical!', 'Fix', 0, -15, -10, '2026-01-09 13:24:01'),
(572, 78, 9, 'CPU usage critical!', 'Fix', 0, -15, -10, '2026-01-09 13:24:02'),
(573, 79, 1, 'Suspicious login detected!', 'Fix', 0, 0, -20, '2026-01-09 13:24:05'),
(574, 79, 2, 'Network latency high!', 'Fix', 0, -10, -5, '2026-01-09 13:24:05'),
(575, 79, 3, 'Memory leak detected!', 'Add Resource', -20, 0, -5, '2026-01-09 13:24:07'),
(576, 79, 4, 'Server overload detected!', 'Fix', 0, -5, -5, '2026-01-09 13:24:08'),
(577, 79, 5, 'Database connection lost!', 'Fix', 5, -15, -5, '2026-01-09 13:24:08'),
(578, 79, 6, 'Memory leak detected!', 'Fix', 0, -10, -5, '2026-01-09 13:24:09'),
(579, 79, 7, 'Network latency high!', 'Add Resource', -15, 0, -5, '2026-01-09 13:24:11'),
(580, 79, 8, 'Database connection lost!', 'Fix', 5, -15, -5, '2026-01-09 13:24:12'),
(581, 79, 9, 'CPU usage critical!', 'Fix', 5, -15, -10, '2026-01-09 13:24:13'),
(582, 79, 10, 'Server overload detected!', 'Fix', 0, -5, -5, '2026-01-09 13:24:15'),
(583, 80, 1, 'CPU usage critical!', 'Fix', 0, -15, -10, '2026-01-09 13:34:49'),
(584, 80, 2, 'Server overload detected!', 'Fix', 0, -5, -5, '2026-01-09 13:34:49'),
(585, 80, 3, 'Memory leak detected!', 'Fix', 0, -10, -5, '2026-01-09 13:34:50'),
(586, 80, 4, 'Server overload detected!', 'Add Resource', -20, 5, -5, '2026-01-09 13:34:50'),
(587, 80, 5, 'CPU usage critical!', 'Fix', 5, -15, -10, '2026-01-09 13:34:51'),
(588, 80, 6, 'Memory leak detected!', 'Add Resource', -20, 0, -5, '2026-01-09 13:34:52'),
(589, 80, 7, 'Memory leak detected!', 'Fix', 0, -10, -5, '2026-01-09 13:34:53'),
(590, 80, 8, 'Memory leak detected!', 'Fix', 0, -10, -5, '2026-01-09 13:34:53'),
(591, 80, 9, 'Memory leak detected!', 'Add Resource', -20, 0, -5, '2026-01-09 13:34:54'),
(592, 80, 10, 'Suspicious login detected!', 'Fix', 10, 0, -20, '2026-01-09 13:34:55'),
(593, 81, 1, 'Database connection lost!', 'Fix', 0, -15, -5, '2026-01-09 13:36:31'),
(594, 81, 2, 'Server overload detected!', 'Fix', 0, -5, -5, '2026-01-09 13:36:31'),
(595, 81, 3, 'Database connection lost!', 'Fix', 0, -15, -5, '2026-01-09 13:36:32'),
(596, 81, 4, 'Suspicious login detected!', 'Fix', 0, 0, -20, '2026-01-09 13:36:32'),
(597, 81, 5, 'Memory leak detected!', 'Add Resource', -20, 0, -5, '2026-01-09 13:36:33'),
(598, 81, 6, 'Network latency high!', 'Fix', 5, -10, -5, '2026-01-09 13:36:33'),
(599, 81, 7, 'Server overload detected!', 'Fix', 0, -5, -5, '2026-01-09 13:36:34'),
(600, 81, 8, 'Database connection lost!', 'Fix', 5, -15, -5, '2026-01-09 13:36:35'),
(601, 81, 9, 'Suspicious login detected!', 'Add Resource', -10, 10, -20, '2026-01-09 13:36:35'),
(602, 81, 10, 'Network latency high!', 'Fix', 5, -10, -5, '2026-01-09 13:36:36'),
(603, 82, 1, 'Suspicious login detected!', 'Fix', 0, 0, -20, '2026-01-09 13:37:12'),
(604, 82, 2, 'Network latency high!', 'Add Resource', -15, 0, -5, '2026-01-09 13:37:55');
INSERT INTO `logs` (`log_id`, `session_id`, `round_no`, `problem`, `action`, `delta_stability`, `delta_performance`, `delta_security`, `created_at`) VALUES
(605, 82, 3, 'Network latency high!', 'Fix', 5, -10, -5, '2026-01-09 13:37:56'),
(606, 82, 4, 'Memory leak detected!', 'Fix', 0, -10, -5, '2026-01-09 13:37:56'),
(607, 82, 5, 'Memory leak detected!', 'Add Resource', -20, 0, -5, '2026-01-09 13:37:57'),
(608, 82, 6, 'Server overload detected!', 'Fix', 0, -5, -5, '2026-01-09 13:37:58'),
(609, 82, 7, 'Network latency high!', 'Add Resource', -15, 0, -5, '2026-01-09 13:37:59'),
(610, 82, 8, 'Network latency high!', 'Fix', 5, -10, -5, '2026-01-09 13:38:00'),
(611, 82, 9, 'Suspicious login detected!', 'Fix', 10, 0, -20, '2026-01-09 13:38:00'),
(612, 82, 10, 'Database connection lost!', 'Fix', 5, -15, -5, '2026-01-09 13:38:01'),
(613, 83, 1, 'Server overload detected!', 'Fix', 0, -5, -5, '2026-01-09 13:41:44'),
(614, 83, 2, 'CPU usage critical!', 'Fix', 0, -15, -10, '2026-01-09 13:41:44'),
(615, 83, 3, 'Database connection lost!', 'Fix', 0, -15, -5, '2026-01-09 13:41:45'),
(616, 83, 4, 'CPU usage critical!', 'Fix', 0, -15, -10, '2026-01-09 13:41:45'),
(617, 83, 5, 'Network latency high!', 'Add Resource', -15, 0, -5, '2026-01-09 13:41:46'),
(618, 83, 6, 'Network latency high!', 'Add Resource', -15, 0, -5, '2026-01-09 13:41:47'),
(619, 83, 7, 'CPU usage critical!', 'Fix', 5, -15, -10, '2026-01-09 13:41:48'),
(620, 83, 8, 'Network latency high!', 'Add Resource', -15, 0, -5, '2026-01-09 13:41:48'),
(621, 83, 9, 'Server overload detected!', 'Fix', 0, -5, -5, '2026-01-09 13:41:49'),
(622, 83, 10, 'Suspicious login detected!', 'Fix', 10, 0, -20, '2026-01-09 13:41:51'),
(623, 84, 1, 'Database connection lost!', 'Fix', 0, -15, -5, '2026-01-11 08:22:28'),
(624, 84, 2, 'Network latency high!', 'Fix', 0, -10, -5, '2026-01-11 08:22:29'),
(625, 84, 3, 'Memory leak detected!', 'Fix', 0, -10, -5, '2026-01-11 08:22:29'),
(626, 84, 4, 'Memory leak detected!', 'Add Resource', -20, 0, -5, '2026-01-11 08:22:31'),
(627, 84, 5, 'Network latency high!', 'Fix', 5, -10, -5, '2026-01-11 08:22:33'),
(628, 84, 6, 'Network latency high!', 'Add Resource', -15, 0, -5, '2026-01-11 08:22:35'),
(629, 84, 7, 'Suspicious login detected!', 'Add Resource', -10, 10, -20, '2026-01-11 08:22:36'),
(630, 84, 8, 'Network latency high!', 'Add Resource', -15, 0, -5, '2026-01-11 08:22:37'),
(631, 84, 9, 'Server overload detected!', 'Add Resource', -20, 5, -5, '2026-01-11 08:22:37'),
(632, 84, 10, 'CPU usage critical!', 'Fix', 5, -15, -10, '2026-01-11 08:22:39'),
(633, 87, 1, 'Database connection lost!', 'Fix', 0, -15, -5, '2026-01-11 10:51:54'),
(634, 87, 2, 'CPU usage critical!', 'Fix', 0, -15, -10, '2026-01-11 10:51:54'),
(635, 87, 3, 'Database connection lost!', 'Add Resource', -15, -5, -5, '2026-01-11 10:51:55'),
(636, 87, 4, 'Server overload detected!', 'Add Resource', -20, 5, -5, '2026-01-11 10:51:56'),
(637, 87, 5, 'CPU usage critical!', 'Fix', 5, -15, -10, '2026-01-11 10:51:58'),
(638, 87, 6, 'Memory leak detected!', 'Add Resource', -20, 0, -5, '2026-01-11 10:51:59'),
(639, 87, 7, 'Network latency high!', 'Add Resource', -15, 0, -5, '2026-01-11 10:51:59'),
(640, 87, 8, 'Server overload detected!', 'Fix', 0, -5, -5, '2026-01-11 10:52:01'),
(641, 87, 9, 'CPU usage critical!', 'Add Resource', -15, -5, -10, '2026-01-11 10:52:03'),
(642, 87, 10, 'Server overload detected!', 'Add Resource', -20, 5, -5, '2026-01-11 10:52:03'),
(643, 88, 1, 'Memory leak detected!', 'Fix', 0, -10, -5, '2026-01-11 10:52:22'),
(644, 88, 2, 'Memory leak detected!', 'Fix', 0, -10, -5, '2026-01-11 10:52:22'),
(645, 88, 3, 'Suspicious login detected!', 'Fix', 0, 0, -20, '2026-01-11 10:52:23'),
(646, 88, 4, 'Database connection lost!', 'Fix', 0, -15, -5, '2026-01-11 10:52:23'),
(647, 88, 5, 'Suspicious login detected!', 'Fix', 0, 0, -20, '2026-01-11 10:52:23'),
(648, 88, 6, 'CPU usage critical!', 'Fix', 0, -15, -10, '2026-01-11 10:52:24'),
(649, 88, 7, 'Suspicious login detected!', 'Add Resource', -10, 10, -20, '2026-01-11 10:52:25'),
(650, 88, 8, 'CPU usage critical!', 'Fix', 5, -15, -10, '2026-01-11 10:52:26'),
(651, 88, 9, 'Suspicious login detected!', 'Fix', 5, 0, -5, '2026-01-11 10:52:27'),
(652, 89, 1, 'Memory leak detected!', 'Add Resource', -20, 0, -5, '2026-01-11 10:52:32'),
(653, 89, 2, 'Memory leak detected!', 'Fix', 0, -10, -5, '2026-01-11 10:52:33'),
(654, 89, 3, 'CPU usage critical!', 'Fix', 5, -15, -10, '2026-01-11 10:52:34'),
(655, 89, 4, 'Network latency high!', 'Fix', 5, -10, -5, '2026-01-11 10:52:34'),
(656, 89, 5, 'Network latency high!', 'Fix', 5, -10, -5, '2026-01-11 10:52:34'),
(657, 89, 6, 'Suspicious login detected!', 'Add Resource', -10, 10, -20, '2026-01-11 10:52:36'),
(658, 89, 7, 'Memory leak detected!', 'Add Resource', -20, 0, -5, '2026-01-11 10:52:37'),
(659, 89, 8, 'Server overload detected!', 'Fix', 0, -5, -5, '2026-01-11 10:52:39'),
(660, 89, 9, 'Network latency high!', 'Add Resource', -15, 0, -5, '2026-01-11 10:52:40'),
(661, 89, 10, 'Server overload detected!', 'Fix', 0, -5, -5, '2026-01-11 10:52:42'),
(662, 90, 1, 'Server overload detected!', 'Fix', 0, -5, -5, '2026-01-11 11:16:30'),
(663, 90, 2, 'Suspicious login detected!', 'Fix', 0, 0, -20, '2026-01-11 11:16:31'),
(664, 90, 3, 'CPU usage critical!', 'Fix', 0, -15, -10, '2026-01-11 11:16:31'),
(665, 90, 4, 'Network latency high!', 'Fix', 0, -10, -5, '2026-01-11 11:16:32'),
(666, 90, 5, 'Database connection lost!', 'Add Resource', -15, -5, -5, '2026-01-11 11:16:34'),
(667, 90, 6, 'Memory leak detected!', 'Fix', 0, -10, -5, '2026-01-11 11:16:36'),
(668, 90, 7, 'Suspicious login detected!', 'Fix', 10, 0, -20, '2026-01-11 11:16:36'),
(669, 90, 8, 'Server overload detected!', 'Fix', 0, -5, -5, '2026-01-11 11:16:37'),
(670, 90, 9, 'Memory leak detected!', 'Add Resource', -20, 0, -5, '2026-01-11 11:16:39'),
(671, 90, 10, 'Memory leak detected!', 'Fix', 0, -10, -5, '2026-01-11 11:16:41'),
(672, 90, 11, 'Network latency high!', 'Fix', 5, -10, -5, '2026-01-11 11:16:42'),
(673, 90, 12, 'Network latency high!', 'Fix', 5, -10, -5, '2026-01-11 11:16:44'),
(674, 90, 13, 'CPU usage critical!', 'Fix', 5, -15, -5, '2026-01-11 11:16:45'),
(675, 91, 1, 'Database connection lost!', 'Fix', 0, -15, -5, '2026-01-11 11:19:27'),
(676, 91, 2, 'Database connection lost!', 'Fix', 0, -15, -5, '2026-01-11 11:19:28'),
(677, 91, 3, 'Memory leak detected!', 'Add Resource', -20, 0, -5, '2026-01-11 11:19:30'),
(678, 91, 4, 'Memory leak detected!', 'Fix', 0, -10, -5, '2026-01-11 11:19:32'),
(679, 91, 5, 'Database connection lost!', 'Add Resource', -15, -5, -5, '2026-01-11 11:19:34'),
(680, 91, 6, 'Database connection lost!', 'Fix', 5, -15, -5, '2026-01-11 11:19:36'),
(681, 91, 7, 'Server overload detected!', 'Fix', 0, -5, -5, '2026-01-11 11:19:36'),
(682, 91, 8, 'Network latency high!', 'Fix', 5, -10, -5, '2026-01-11 11:19:37'),
(683, 91, 9, 'Server overload detected!', 'Add Resource', -20, 5, -5, '2026-01-11 11:19:38'),
(684, 91, 10, 'CPU usage critical!', 'Fix', 5, -15, -10, '2026-01-11 11:19:40'),
(685, 96, 1, 'Network latency high!', 'Fix', 0, -10, -5, '2026-01-11 11:59:15'),
(686, 96, 2, 'Suspicious login detected!', 'Fix', 0, 0, -20, '2026-01-11 11:59:15'),
(687, 96, 3, 'Memory leak detected!', 'Fix', 0, -10, -5, '2026-01-11 11:59:16'),
(688, 96, 4, 'Database connection lost!', 'Fix', 0, -15, -5, '2026-01-11 11:59:16'),
(689, 96, 5, 'CPU usage critical!', 'Fix', 0, -15, -10, '2026-01-11 11:59:16'),
(690, 96, 6, 'Network latency high!', 'Fix', 0, -10, -5, '2026-01-11 11:59:16'),
(691, 96, 7, 'Memory leak detected!', 'Fix', 0, -10, -5, '2026-01-11 11:59:16'),
(692, 96, 8, 'Network latency high!', 'Fix', 0, -10, -5, '2026-01-11 11:59:17'),
(693, 97, 1, 'Server overload detected!', 'Fix', 0, -5, -5, '2026-01-11 12:24:19'),
(694, 97, 2, 'CPU usage critical!', 'Fix', 0, -15, -10, '2026-01-11 12:24:20'),
(695, 97, 3, 'Server overload detected!', 'Fix', 0, -5, -5, '2026-01-11 12:24:20'),
(696, 97, 4, 'Database connection lost!', 'Fix', 0, -15, -5, '2026-01-11 12:24:20'),
(697, 97, 5, 'CPU usage critical!', 'Fix', 0, -15, -10, '2026-01-11 12:24:21'),
(698, 97, 6, 'Memory leak detected!', 'Fix', 0, -10, -5, '2026-01-11 12:24:21'),
(699, 97, 7, 'CPU usage critical!', 'Fix', 0, -15, -10, '2026-01-11 12:24:21'),
(700, 97, 8, 'Network latency high!', 'Fix', 0, -10, -5, '2026-01-11 12:24:21'),
(701, 97, 9, 'Memory leak detected!', 'Fix', 0, -10, -5, '2026-01-11 12:24:22'),
(702, 98, 1, 'Server overload detected!', 'Fix', 0, -5, -5, '2026-01-11 12:26:58'),
(703, 98, 2, 'Database connection lost!', 'Fix', 0, -15, -5, '2026-01-11 12:26:58'),
(704, 98, 3, 'Memory leak detected!', 'Fix', 0, -10, -5, '2026-01-11 12:26:58'),
(705, 98, 4, 'Suspicious login detected!', 'Fix', 0, 0, -20, '2026-01-11 12:26:59'),
(706, 98, 5, 'Network latency high!', 'Fix', 0, -10, -5, '2026-01-11 12:26:59'),
(707, 98, 6, 'Server overload detected!', 'Fix', 0, -5, -5, '2026-01-11 12:26:59'),
(708, 98, 7, 'Memory leak detected!', 'Fix', 0, -10, -5, '2026-01-11 12:27:00'),
(709, 98, 8, 'Memory leak detected!', 'Fix', 0, -10, -5, '2026-01-11 12:27:00'),
(710, 98, 9, 'Server overload detected!', 'Fix', 0, -5, -5, '2026-01-11 12:27:00'),
(711, 98, 10, 'Database connection lost!', 'Fix', 0, -15, -5, '2026-01-11 12:27:01'),
(712, 99, 1, 'Memory leak detected!', 'Fix', 0, -10, -5, '2026-01-11 12:27:36'),
(713, 99, 2, 'Suspicious login detected!', 'Fix', 0, 0, -20, '2026-01-11 12:27:37'),
(714, 99, 3, 'CPU usage critical!', 'Fix', 0, -15, -10, '2026-01-11 12:27:38'),
(715, 99, 4, 'Memory leak detected!', 'Fix', 0, -10, -5, '2026-01-11 12:27:44'),
(716, 99, 5, 'Suspicious login detected!', 'Fix', 0, 0, -20, '2026-01-11 12:27:44'),
(717, 99, 6, 'Suspicious login detected!', 'Fix', 0, 0, -20, '2026-01-11 12:27:45'),
(718, 99, 7, 'Network latency high!', 'Fix', 0, -10, -5, '2026-01-11 12:27:46'),
(719, 99, 8, 'Network latency high!', 'Ignore', -20, -25, -15, '2026-01-11 12:27:49'),
(720, 100, 1, 'CPU usage critical!', 'Ignore', -20, -30, -20, '2026-01-11 12:33:09'),
(721, 100, 2, 'Memory leak detected!', 'Ignore', -25, -25, -15, '2026-01-11 12:33:09'),
(722, 100, 3, 'Suspicious login detected!', 'Ignore', -15, -15, -30, '2026-01-11 12:33:10'),
(723, 100, 4, 'Suspicious login detected!', 'Ignore', -15, -15, -30, '2026-01-11 12:33:10'),
(724, 100, 5, 'Network latency high!', 'Ignore', -20, -15, -5, '2026-01-11 12:33:11'),
(725, 102, 1, 'Suspicious login detected!', 'Fix', 0, 0, -20, '2026-01-11 12:48:21'),
(726, 102, 2, 'Network latency high!', 'Fix', 0, -10, -5, '2026-01-11 12:48:22'),
(727, 102, 3, 'Database connection lost!', 'Fix', 0, -15, -5, '2026-01-11 12:48:23'),
(728, 102, 4, 'Database connection lost!', 'Fix', 0, -15, -5, '2026-01-11 12:48:24'),
(729, 102, 5, 'Server overload detected!', 'Add Resource', -20, 5, -5, '2026-01-11 12:48:26'),
(730, 102, 6, 'Database connection lost!', 'Fix', 5, -15, -5, '2026-01-11 12:48:34'),
(731, 102, 7, 'Network latency high!', 'Fix', 5, -10, -5, '2026-01-11 12:48:37'),
(732, 102, 8, 'Network latency high!', 'Fix', 5, -10, -5, '2026-01-11 12:48:38'),
(733, 102, 9, 'Network latency high!', 'Fix', 5, -10, -5, '2026-01-11 12:48:39'),
(734, 102, 10, 'Network latency high!', 'Fix', 0, -10, -5, '2026-01-11 12:48:40'),
(735, 103, 1, 'CPU usage critical!', 'Ignore', -20, -30, -20, '2026-01-11 12:49:13'),
(736, 103, 2, 'Network latency high!', 'Ignore', -20, -25, -15, '2026-01-11 12:49:13'),
(737, 103, 3, 'Memory leak detected!', 'Ignore', -25, -25, -15, '2026-01-11 12:49:14'),
(738, 103, 4, 'Network latency high!', 'Ignore', -20, -20, -15, '2026-01-11 12:49:14'),
(739, 104, 1, 'Memory leak detected!', 'Fix', 0, -10, -5, '2026-01-11 12:50:30'),
(740, 104, 2, 'Memory leak detected!', 'Fix', 0, -10, -5, '2026-01-11 12:50:30'),
(741, 104, 3, 'CPU usage critical!', 'Fix', 0, -15, -10, '2026-01-11 12:50:30'),
(742, 104, 4, 'Suspicious login detected!', 'Fix', 0, 0, -20, '2026-01-11 12:50:31'),
(743, 104, 5, 'Network latency high!', 'Fix', 0, -10, -5, '2026-01-11 12:50:31'),
(744, 104, 6, 'CPU usage critical!', 'Fix', 0, -15, -10, '2026-01-11 12:50:31'),
(745, 104, 7, 'Suspicious login detected!', 'Fix', 0, 0, -20, '2026-01-11 12:50:31'),
(746, 104, 8, 'Memory leak detected!', 'Fix', 0, -10, -5, '2026-01-11 12:50:32'),
(747, 104, 9, 'CPU usage critical!', 'Fix', 0, -15, -10, '2026-01-11 12:50:32'),
(748, 104, 10, 'Suspicious login detected!', 'Fix', 0, 0, -10, '2026-01-11 12:50:33'),
(749, 105, 1, 'Network latency high!', 'Fix', 0, -10, -5, '2026-01-11 12:50:40'),
(750, 105, 2, 'Database connection lost!', 'Fix', 0, -15, -5, '2026-01-11 12:50:40'),
(751, 105, 3, 'Server overload detected!', 'Fix', 0, -5, -5, '2026-01-11 12:50:40'),
(752, 105, 4, 'Suspicious login detected!', 'Fix', 0, 0, -20, '2026-01-11 12:50:40'),
(753, 105, 5, 'Server overload detected!', 'Fix', 0, -5, -5, '2026-01-11 12:50:40'),
(754, 105, 6, 'Database connection lost!', 'Add Resource', -15, -5, -5, '2026-01-11 12:50:41'),
(755, 105, 7, 'Network latency high!', 'Add Resource', -15, 0, -5, '2026-01-11 12:50:43'),
(756, 105, 8, 'Database connection lost!', 'Fix', 5, -15, -5, '2026-01-11 12:50:44'),
(757, 105, 9, 'Memory leak detected!', 'Fix', 0, -10, -5, '2026-01-11 12:50:45'),
(758, 105, 10, 'Memory leak detected!', 'Fix', 0, -10, -5, '2026-01-11 12:50:46'),
(759, 106, 1, 'Memory leak detected!', 'Fix', 0, -10, -5, '2026-01-11 13:29:59'),
(760, 106, 2, 'CPU usage critical!', 'Fix', 0, -15, -10, '2026-01-11 13:29:59'),
(761, 106, 3, 'Database connection lost!', 'Fix', 0, -15, -5, '2026-01-11 13:30:00'),
(762, 106, 4, 'Server overload detected!', 'Fix', 0, -5, -5, '2026-01-11 13:30:00'),
(763, 106, 5, 'Server overload detected!', 'Fix', 0, -5, -5, '2026-01-11 13:30:00'),
(764, 106, 6, 'CPU usage critical!', 'Fix', 0, -15, -10, '2026-01-11 13:30:00'),
(765, 106, 7, 'Server overload detected!', 'Fix', 0, -5, -5, '2026-01-11 13:30:00'),
(766, 106, 8, 'Database connection lost!', 'Fix', 0, -15, -5, '2026-01-11 13:30:01'),
(767, 106, 9, 'Server overload detected!', 'Fix', 0, -5, -5, '2026-01-11 13:30:01'),
(768, 106, 10, 'Database connection lost!', 'Add Resource', -15, -5, -5, '2026-01-11 13:30:02'),
(769, 107, 1, 'Suspicious login detected!', 'Fix', 0, 0, -20, '2026-01-11 13:32:34'),
(770, 107, 2, 'Server overload detected!', 'Fix', 0, -5, -5, '2026-01-11 13:32:34'),
(771, 107, 3, 'CPU usage critical!', 'Fix', 0, -15, -10, '2026-01-11 13:32:35'),
(772, 107, 4, 'Memory leak detected!', 'Fix', 0, -10, -5, '2026-01-11 13:32:35'),
(773, 107, 5, 'Suspicious login detected!', 'Fix', 0, 0, -20, '2026-01-11 13:32:36'),
(774, 107, 6, 'Database connection lost!', 'Add Resource', -15, -5, -5, '2026-01-11 13:32:37'),
(775, 107, 7, 'Suspicious login detected!', 'Add Resource', -10, 10, -20, '2026-01-11 13:32:38'),
(776, 107, 8, 'Database connection lost!', 'Fix', 5, -15, -5, '2026-01-11 13:32:39'),
(777, 107, 9, 'Database connection lost!', 'Fix', 5, -15, -5, '2026-01-11 13:32:40'),
(778, 107, 10, 'Memory leak detected!', 'Fix', 0, -10, -5, '2026-01-11 13:32:41'),
(779, 108, 1, 'Suspicious login detected!', 'Fix', 0, 0, -20, '2026-01-11 13:33:41'),
(780, 108, 2, 'CPU usage critical!', 'Fix', 0, -15, -10, '2026-01-11 13:33:42'),
(781, 108, 3, 'Database connection lost!', 'Fix', 0, -15, -5, '2026-01-11 13:33:42'),
(782, 108, 4, 'Server overload detected!', 'Fix', 0, -5, -5, '2026-01-11 13:33:42'),
(783, 108, 5, 'Suspicious login detected!', 'Fix', 0, 0, -20, '2026-01-11 13:33:42'),
(784, 108, 6, 'Suspicious login detected!', 'Fix', 0, 0, -20, '2026-01-11 13:33:43'),
(785, 108, 7, 'Server overload detected!', 'Fix', 0, -5, -5, '2026-01-11 13:33:43'),
(786, 108, 8, 'CPU usage critical!', 'Fix', 0, -15, -10, '2026-01-11 13:33:43'),
(787, 108, 9, 'Memory leak detected!', 'Add Resource', -20, 0, -5, '2026-01-11 13:33:44'),
(788, 109, 1, 'Suspicious login detected!', 'Fix', 0, 0, -20, '2026-01-11 13:33:53'),
(789, 109, 2, 'Memory leak detected!', 'Fix', 0, -10, -5, '2026-01-11 13:33:53'),
(790, 109, 3, 'Suspicious login detected!', 'Fix', 0, 0, -20, '2026-01-11 13:33:53'),
(791, 109, 4, 'Suspicious login detected!', 'Fix', 0, 0, -20, '2026-01-11 13:33:54'),
(792, 109, 5, 'Suspicious login detected!', 'Fix', 0, 0, -20, '2026-01-11 13:33:54'),
(793, 109, 6, 'Memory leak detected!', 'Add Resource', -20, 0, -5, '2026-01-11 13:33:55'),
(794, 109, 7, 'Server overload detected!', 'Add Resource', -20, 5, -5, '2026-01-11 13:33:56'),
(795, 109, 8, 'CPU usage critical!', 'Fix', 5, -15, -5, '2026-01-11 13:33:59'),
(796, 110, 1, 'Database connection lost!', 'Fix', 0, -15, -5, '2026-01-11 13:34:06'),
(797, 110, 2, 'Network latency high!', 'Fix', 0, -10, -5, '2026-01-11 13:34:07'),
(798, 110, 3, 'Network latency high!', 'Fix', 0, -10, -5, '2026-01-11 13:34:08'),
(799, 110, 4, 'Database connection lost!', 'Fix', 0, -15, -5, '2026-01-11 13:34:08'),
(800, 110, 5, 'Suspicious login detected!', 'Add Resource', -10, 10, -20, '2026-01-11 13:34:10'),
(801, 110, 6, 'CPU usage critical!', 'Add Resource', -15, -5, -10, '2026-01-11 13:34:11'),
(802, 110, 7, 'Memory leak detected!', 'Fix', 0, -10, -5, '2026-01-11 13:34:12'),
(803, 110, 8, 'Server overload detected!', 'Fix', 0, -5, -5, '2026-01-11 13:34:13'),
(804, 110, 9, 'Server overload detected!', 'Fix', 0, -5, -5, '2026-01-11 13:34:13'),
(805, 110, 10, 'CPU usage critical!', 'Fix', 5, -15, -10, '2026-01-11 13:34:14'),
(806, 111, 1, 'Suspicious login detected!', 'Fix', 0, 0, -20, '2026-01-11 13:38:14'),
(807, 111, 2, 'Suspicious login detected!', 'Fix', 0, 0, -20, '2026-01-11 13:38:15'),
(808, 111, 3, 'Network latency high!', 'Fix', 0, -10, -5, '2026-01-11 13:38:15'),
(809, 111, 4, 'Server overload detected!', 'Fix', 0, -5, -5, '2026-01-11 13:38:15'),
(810, 111, 5, 'Database connection lost!', 'Fix', 0, -15, -5, '2026-01-11 13:38:15'),
(811, 111, 6, 'CPU usage critical!', 'Fix', 0, -15, -10, '2026-01-11 13:38:15'),
(812, 111, 7, 'Server overload detected!', 'Fix', 0, -5, -5, '2026-01-11 13:38:16'),
(813, 111, 8, 'Server overload detected!', 'Add Resource', -20, 5, -5, '2026-01-11 13:38:17'),
(814, 111, 9, 'CPU usage critical!', 'Fix', 5, -15, -10, '2026-01-11 13:38:18'),
(815, 111, 10, 'Database connection lost!', 'Fix', 5, -15, -5, '2026-01-11 13:38:20'),
(816, 111, 11, 'Memory leak detected!', 'Add Resource', -20, 0, -5, '2026-01-11 13:38:22'),
(817, 111, 12, 'CPU usage critical!', 'Fix', 5, -15, -5, '2026-01-11 13:38:24'),
(818, 112, 1, 'Network latency high!', 'Fix', 0, -10, -5, '2026-01-11 13:38:31'),
(819, 112, 2, 'Suspicious login detected!', 'Fix', 0, 0, -20, '2026-01-11 13:38:33'),
(820, 112, 3, 'CPU usage critical!', 'Fix', 0, -15, -10, '2026-01-11 13:38:33'),
(821, 112, 4, 'Database connection lost!', 'Fix', 0, -15, -5, '2026-01-11 13:38:33'),
(822, 112, 5, 'CPU usage critical!', 'Fix', 0, -15, -10, '2026-01-11 13:38:34'),
(823, 112, 6, 'Database connection lost!', 'Fix', 0, -15, -5, '2026-01-11 13:38:34'),
(824, 112, 7, 'CPU usage critical!', 'Add Resource', -15, -5, -10, '2026-01-11 13:38:36'),
(825, 112, 8, 'CPU usage critical!', 'Add Resource', -15, -5, -10, '2026-01-11 13:38:36'),
(826, 112, 9, 'Server overload detected!', 'Fix', 0, -5, -5, '2026-01-11 13:38:38'),
(827, 112, 10, 'Suspicious login detected!', 'Fix', 10, 0, -20, '2026-01-11 13:38:39'),
(828, 113, 1, 'Suspicious login detected!', 'Fix', 0, 0, -20, '2026-01-11 13:38:47'),
(829, 113, 2, 'Memory leak detected!', 'Fix', 0, -10, -5, '2026-01-11 13:38:47'),
(830, 113, 3, 'Database connection lost!', 'Fix', 0, -15, -5, '2026-01-11 13:38:48'),
(831, 113, 4, 'Suspicious login detected!', 'Fix', 0, 0, -20, '2026-01-11 13:38:48'),
(832, 113, 5, 'Server overload detected!', 'Fix', 0, -5, -5, '2026-01-11 13:38:48'),
(833, 113, 6, 'Memory leak detected!', 'Fix', 0, -10, -5, '2026-01-11 13:38:48'),
(834, 113, 7, 'Network latency high!', 'Fix', 0, -10, -5, '2026-01-11 13:38:49'),
(835, 113, 8, 'Memory leak detected!', 'Fix', 0, -10, -5, '2026-01-11 13:38:49'),
(836, 113, 9, 'Network latency high!', 'Fix', 0, -10, -5, '2026-01-11 13:38:51'),
(837, 113, 10, 'CPU usage critical!', 'Fix', 0, -15, -10, '2026-01-11 13:38:51'),
(838, 113, 11, 'Memory leak detected!', 'Fix', 0, -10, -5, '2026-01-11 13:38:52'),
(839, 113, 12, 'Database connection lost!', 'Fix', 0, -5, -5, '2026-01-11 13:38:52'),
(840, 114, 1, 'Database connection lost!', 'Fix', 0, -15, -5, '2026-01-11 13:42:32'),
(841, 114, 2, 'Network latency high!', 'Fix', 0, -10, -5, '2026-01-11 13:42:33'),
(842, 114, 3, 'Network latency high!', 'Fix', 0, -10, -5, '2026-01-11 13:42:33'),
(843, 114, 4, 'CPU usage critical!', 'Fix', 0, -15, -10, '2026-01-11 13:42:34'),
(844, 114, 5, 'Database connection lost!', 'Add Resource', -15, -5, -5, '2026-01-11 13:42:35'),
(845, 114, 6, 'Memory leak detected!', 'Fix', 0, -10, -5, '2026-01-11 13:42:37'),
(846, 114, 7, 'Suspicious login detected!', 'Fix', 10, 0, -20, '2026-01-11 13:42:41'),
(847, 114, 8, 'Network latency high!', 'Fix', 5, -10, -5, '2026-01-11 13:42:42'),
(848, 114, 9, 'Database connection lost!', 'Fix', 0, -15, -5, '2026-01-11 13:42:43'),
(849, 114, 10, 'Server overload detected!', 'Fix', 0, -5, -5, '2026-01-11 13:42:44'),
(850, 115, 1, 'CPU usage critical!', 'Fix', 0, -15, -10, '2026-01-11 13:50:22'),
(851, 115, 2, 'Network latency high!', 'Fix', 0, -10, -5, '2026-01-11 13:50:23'),
(852, 115, 3, 'Suspicious login detected!', 'Fix', 0, 0, -20, '2026-01-11 13:50:23'),
(853, 115, 4, 'Server overload detected!', 'Fix', 0, -5, -5, '2026-01-11 13:50:23'),
(854, 115, 5, 'Suspicious login detected!', 'Fix', 0, 0, -20, '2026-01-11 13:50:23'),
(855, 115, 6, 'Network latency high!', 'Fix', 0, -10, -5, '2026-01-11 13:50:24'),
(856, 115, 7, 'Suspicious login detected!', 'Add Resource', -10, 10, -20, '2026-01-11 13:50:25'),
(857, 115, 8, 'Memory leak detected!', 'Add Resource', -20, 0, -5, '2026-01-11 13:50:26'),
(858, 115, 9, 'Network latency high!', 'Fix', 5, -10, -5, '2026-01-11 13:50:28'),
(859, 115, 10, 'Network latency high!', 'Fix', 5, -10, -5, '2026-01-11 13:50:29'),
(860, 116, 1, 'CPU usage critical!', 'Fix', 0, -15, -10, '2026-01-11 13:50:37'),
(861, 116, 2, 'Database connection lost!', 'Fix', 0, -15, -5, '2026-01-11 13:50:38'),
(862, 116, 3, 'Database connection lost!', 'Fix', 0, -15, -5, '2026-01-11 13:50:38'),
(863, 116, 4, 'Server overload detected!', 'Fix', 0, -5, -5, '2026-01-11 13:50:39'),
(864, 116, 5, 'Suspicious login detected!', 'Fix', 0, 0, -20, '2026-01-11 13:50:39'),
(865, 116, 6, 'Network latency high!', 'Add Resource', -15, 0, -5, '2026-01-11 13:50:41'),
(866, 116, 7, 'Network latency high!', 'Fix', 5, -10, -5, '2026-01-11 13:50:42'),
(867, 116, 8, 'Database connection lost!', 'Fix', 5, -15, -5, '2026-01-11 13:50:43'),
(868, 116, 9, 'Network latency high!', 'Fix', 5, -10, -5, '2026-01-11 13:50:46'),
(869, 116, 10, 'Suspicious login detected!', 'Add Resource', -10, 10, -20, '2026-01-11 13:50:47'),
(870, 116, 11, 'Memory leak detected!', 'Fix', 0, -10, -5, '2026-01-11 13:50:49'),
(871, 116, 12, 'Database connection lost!', 'Fix', 5, -15, -5, '2026-01-11 13:50:51'),
(872, 117, 1, 'Memory leak detected!', 'Fix', 0, -10, -5, '2026-01-11 13:51:47'),
(873, 117, 2, 'Server overload detected!', 'Fix', 0, -5, -5, '2026-01-11 13:51:49'),
(874, 117, 3, 'Memory leak detected!', 'Fix', 0, -10, -5, '2026-01-11 13:51:49'),
(875, 117, 4, 'CPU usage critical!', 'Fix', 0, -15, -10, '2026-01-11 13:51:49'),
(876, 117, 5, 'Memory leak detected!', 'Fix', 0, -10, -5, '2026-01-11 13:51:49'),
(877, 117, 6, 'Server overload detected!', 'Fix', 0, -5, -5, '2026-01-11 13:51:49'),
(878, 117, 7, 'Suspicious login detected!', 'Fix', 0, 0, -20, '2026-01-11 13:51:50'),
(879, 117, 8, 'Database connection lost!', 'Fix', 0, -15, -5, '2026-01-11 13:51:51'),
(880, 117, 9, 'Memory leak detected!', 'Add Resource', -20, 0, -5, '2026-01-11 13:51:52'),
(881, 117, 10, 'Server overload detected!', 'Fix', 0, -5, -5, '2026-01-11 13:51:54'),
(882, 118, 1, 'CPU usage critical!', 'Fix', 0, -15, -10, '2026-01-11 13:53:30'),
(883, 118, 2, 'Server overload detected!', 'Fix', 0, -5, -5, '2026-01-11 13:53:31'),
(884, 118, 3, 'Server overload detected!', 'Fix', 0, -5, -5, '2026-01-11 13:53:32'),
(885, 118, 4, 'Server overload detected!', 'Fix', 0, -5, -5, '2026-01-11 13:53:32'),
(886, 118, 5, 'Network latency high!', 'Fix', 0, -10, -5, '2026-01-11 13:53:33'),
(887, 118, 6, 'Server overload detected!', 'Fix', 0, -5, -5, '2026-01-11 13:53:34'),
(888, 118, 7, 'Suspicious login detected!', 'Add Resource', -10, 10, -20, '2026-01-11 13:53:35'),
(889, 118, 8, 'Network latency high!', 'Add Resource', -15, 0, -5, '2026-01-11 13:53:36'),
(890, 118, 9, 'Network latency high!', 'Fix', 5, -10, -5, '2026-01-11 13:53:38'),
(891, 118, 10, 'Network latency high!', 'Fix', 5, -10, -5, '2026-01-11 13:53:39'),
(892, 119, 1, 'Memory leak detected!', 'Ignore', -25, -25, -15, '2026-01-11 13:54:22'),
(893, 119, 2, 'Database connection lost!', 'Ignore', -20, -30, -15, '2026-01-11 13:54:23'),
(894, 119, 3, 'Server overload detected!', 'Ignore', -25, -20, -15, '2026-01-11 13:54:23'),
(895, 119, 4, 'Server overload detected!', 'Ignore', -25, -20, -15, '2026-01-11 13:54:24'),
(896, 119, 5, 'Network latency high!', 'Ignore', -5, -5, -15, '2026-01-11 13:54:25');

-- --------------------------------------------------------

--
-- Table structure for table `scores`
--

CREATE TABLE `scores` (
  `score_id` int(11) NOT NULL,
  `session_id` int(11) NOT NULL,
  `final_score` int(11) NOT NULL,
  `rounds_survived` int(11) NOT NULL,
  `created_at` timestamp NOT NULL DEFAULT current_timestamp(),
  `result` varchar(10) DEFAULT 'LOSE'
) ENGINE=InnoDB DEFAULT CHARSET=utf8mb4 COLLATE=utf8mb4_general_ci;

--
-- Dumping data for table `scores`
--

INSERT INTO `scores` (`score_id`, `session_id`, `final_score`, `rounds_survived`, `created_at`, `result`) VALUES
(1, 1, 55, 6, '2025-12-23 03:45:26', 'LOSE'),
(2, 2, 92, 16, '2025-12-25 06:41:59', 'LOSE'),
(3, 4, 92, 16, '2025-12-25 06:46:54', 'LOSE'),
(4, 7, 63, 15, '2025-12-25 07:47:23', 'LOSE'),
(5, 8, 84, 16, '2025-12-25 08:14:10', 'LOSE'),
(6, 9, 63, 15, '2025-12-25 08:17:16', 'LOSE'),
(7, 11, 65, 15, '2025-12-25 12:58:34', 'LOSE'),
(8, 14, 86, 12, '2026-01-02 09:46:17', 'LOSE'),
(9, 13, 36, 7, '2026-01-02 11:36:30', 'LOSE'),
(10, 16, 15, 6, '2026-01-02 12:23:30', 'LOSE'),
(11, 17, 32, 7, '2026-01-02 12:35:22', 'LOSE'),
(12, 18, 36, 7, '2026-01-02 12:43:01', 'LOSE'),
(13, 19, 87, 11, '2026-01-02 12:48:23', 'LOSE'),
(14, 21, 93, 12, '2026-01-02 12:53:33', 'LOSE'),
(15, 22, 114, 12, '2026-01-02 13:36:00', 'LOSE'),
(16, 23, 66, 7, '2026-01-02 14:11:38', 'LOSE'),
(17, 24, 46, 8, '2026-01-02 16:10:32', 'LOSE'),
(18, 25, 63, 8, '2026-01-02 17:17:56', 'LOSE'),
(19, 26, 99, 12, '2026-01-02 17:21:12', 'LOSE'),
(20, 28, 35, 8, '2026-01-02 17:43:06', 'LOSE'),
(21, 34, 70, 7, '2026-01-09 07:50:48', 'LOSE'),
(22, 35, 90, 9, '2026-01-09 07:51:07', 'LOSE'),
(23, 36, 76, 8, '2026-01-09 07:51:48', 'LOSE'),
(24, 37, 82, 9, '2026-01-09 07:52:10', 'LOSE'),
(25, 39, 94, 10, '2026-01-09 09:43:16', 'LOSE'),
(26, 40, 98, 10, '2026-01-09 09:43:32', 'LOSE'),
(27, 41, 92, 10, '2026-01-09 09:55:45', 'WIN'),
(28, 42, 86, 9, '2026-01-09 10:49:11', 'WIN'),
(29, 43, 82, 9, '2026-01-09 10:57:03', 'WIN'),
(30, 44, 54, 6, '2026-01-09 11:05:01', 'LOSE'),
(31, 45, 84, 9, '2026-01-09 11:05:21', 'LOSE'),
(32, 46, 84, 9, '2026-01-09 11:05:38', 'WIN'),
(33, 47, 86, 9, '2026-01-09 11:10:28', 'WIN'),
(34, 48, 86, 9, '2026-01-09 11:16:28', 'WIN'),
(35, 49, 104, 11, '2026-01-09 11:40:08', 'LOSE'),
(36, 50, 96, 10, '2026-01-09 11:40:24', 'WIN'),
(37, 51, 84, 9, '2026-01-09 11:56:20', 'LOSE'),
(38, 52, 102, 11, '2026-01-09 11:56:29', 'LOSE'),
(39, 53, 98, 10, '2026-01-09 11:56:35', 'LOSE'),
(40, 54, 96, 10, '2026-01-09 11:56:48', 'WIN'),
(43, 55, 116, 12, '2026-01-09 11:57:06', 'LOSE'),
(44, 56, 96, 10, '2026-01-09 11:57:12', 'WIN'),
(47, 57, 100, 10, '2026-01-09 11:59:02', 'WIN'),
(49, 59, 88, 9, '2026-01-09 12:07:07', 'LOSE'),
(50, 60, 80, 8, '2026-01-09 12:07:12', 'LOSE'),
(51, 61, 94, 10, '2026-01-09 12:07:21', 'WIN'),
(58, 62, 90, 9, '2026-01-09 12:07:40', 'LOSE'),
(59, 63, 114, 12, '2026-01-09 12:07:49', 'LOSE'),
(60, 64, 100, 10, '2026-01-09 12:07:55', 'WIN'),
(62, 65, 86, 9, '2026-01-09 12:08:56', 'LOSE'),
(63, 66, 100, 10, '2026-01-09 12:09:02', 'LOSE'),
(64, 67, 98, 10, '2026-01-09 12:25:36', 'WIN'),
(66, 68, 98, 10, '2026-01-09 13:15:56', 'LOSE'),
(67, 69, 90, 9, '2026-01-09 13:16:04', 'LOSE'),
(68, 70, 106, 11, '2026-01-09 13:16:17', 'LOSE'),
(69, 71, 78, 8, '2026-01-09 13:20:51', 'LOSE'),
(70, 72, 96, 10, '2026-01-09 13:21:03', 'LOSE'),
(71, 73, 100, 10, '2026-01-09 13:21:08', 'LOSE'),
(72, 74, 92, 10, '2026-01-09 13:21:17', 'WIN'),
(73, 75, 104, 11, '2026-01-09 13:23:37', 'LOSE'),
(74, 76, 114, 12, '2026-01-09 13:23:50', 'LOSE'),
(75, 77, 104, 11, '2026-01-09 13:23:57', 'LOSE'),
(76, 78, 90, 9, '2026-01-09 13:24:02', 'LOSE'),
(77, 79, 96, 10, '2026-01-09 13:24:15', 'WIN'),
(78, 80, 94, 10, '2026-01-09 13:34:55', 'WIN'),
(79, 81, 96, 10, '2026-01-09 13:36:36', 'WIN'),
(80, 82, 94, 10, '2026-01-09 13:38:01', 'WIN'),
(81, 83, 94, 10, '2026-01-09 13:41:51', 'WIN'),
(82, 84, 90, 10, '2026-01-11 08:22:39', 'WIN'),
(83, 87, 88, 10, '2026-01-11 10:52:03', 'LOSE'),
(84, 88, 88, 9, '2026-01-11 10:52:27', 'LOSE'),
(85, 89, 92, 10, '2026-01-11 10:52:42', 'WIN'),
(86, 90, 126, 13, '2026-01-11 11:16:45', 'LOSE'),
(87, 91, 94, 10, '2026-01-11 11:19:40', 'WIN'),
(88, 97, 90, 9, '2026-01-11 12:24:22', 'LOSE'),
(89, 98, 100, 10, '2026-01-11 12:27:01', 'WIN'),
(90, 99, 65, 8, '2026-01-11 12:27:49', 'LOSE'),
(91, 100, -25, 5, '2026-01-11 12:33:11', 'LOSE'),
(92, 102, 98, 10, '2026-01-11 12:48:40', 'WIN'),
(93, 103, -20, 4, '2026-01-11 12:49:14', 'LOSE'),
(94, 104, 100, 10, '2026-01-11 12:50:33', 'LOSE'),
(95, 105, 96, 10, '2026-01-11 12:50:46', 'WIN'),
(96, 106, 98, 10, '2026-01-11 13:30:02', 'WIN'),
(97, 107, 96, 10, '2026-01-11 13:32:41', 'LOSE'),
(98, 108, 88, 9, '2026-01-11 13:33:44', 'LOSE'),
(99, 109, 76, 8, '2026-01-11 13:33:59', 'LOSE'),
(100, 110, 96, 10, '2026-01-11 13:34:14', 'WIN'),
(101, 111, 116, 12, '2026-01-11 13:38:24', 'LOSE'),
(102, 112, 96, 10, '2026-01-11 13:38:39', 'LOSE'),
(103, 113, 120, 12, '2026-01-11 13:38:52', 'LOSE'),
(104, 114, 98, 10, '2026-01-11 13:42:44', 'WIN'),
(105, 115, 96, 10, '2026-01-11 13:50:29', 'LOSE'),
(106, 116, 116, 12, '2026-01-11 13:50:51', 'LOSE'),
(107, 117, 98, 10, '2026-01-11 13:51:54', 'WIN'),
(108, 118, 96, 10, '2026-01-11 13:53:39', 'WIN'),
(109, 119, -25, 5, '2026-01-11 13:54:25', 'LOSE');

-- --------------------------------------------------------

--
-- Table structure for table `sessions`
--

CREATE TABLE `sessions` (
  `session_id` int(11) NOT NULL,
  `user_id` int(11) NOT NULL,
  `start_time` timestamp NOT NULL DEFAULT current_timestamp(),
  `current_round` int(11) NOT NULL DEFAULT 1,
  `status` varchar(20) NOT NULL DEFAULT 'ACTIVE'
) ENGINE=InnoDB DEFAULT CHARSET=utf8mb4 COLLATE=utf8mb4_general_ci;

--
-- Dumping data for table `sessions`
--

INSERT INTO `sessions` (`session_id`, `user_id`, `start_time`, `current_round`, `status`) VALUES
(1, 2, '2025-12-23 03:45:26', 1, 'FINISHED'),
(2, 4, '2025-12-25 06:41:31', 1, 'ACTIVE'),
(3, 4, '2025-12-25 06:42:02', 1, 'ACTIVE'),
(4, 3, '2025-12-25 06:46:35', 1, 'ACTIVE'),
(5, 3, '2025-12-25 06:47:20', 1, 'ACTIVE'),
(6, 4, '2025-12-25 07:46:55', 1, 'FINISHED'),
(7, 4, '2025-12-25 07:47:08', 1, 'FINISHED'),
(8, 3, '2025-12-25 08:13:40', 1, 'ACTIVE'),
(9, 4, '2025-12-25 08:15:17', 1, 'ACTIVE'),
(10, 4, '2025-12-25 08:17:22', 1, 'FINISHED'),
(11, 4, '2025-12-25 12:58:18', 1, 'ACTIVE'),
(12, 5, '2026-01-02 07:01:08', 1, 'ACTIVE'),
(13, 5, '2026-01-02 07:02:06', 8, 'FINISHED'),
(14, 5, '2026-01-02 09:45:34', 13, 'FINISHED'),
(15, 5, '2026-01-02 09:46:34', 1, 'FINISHED'),
(16, 5, '2026-01-02 12:21:57', 7, 'FINISHED'),
(17, 5, '2026-01-02 12:35:08', 8, 'FINISHED'),
(18, 6, '2026-01-02 12:42:35', 8, 'FINISHED'),
(19, 6, '2026-01-02 12:46:05', 12, 'FINISHED'),
(20, 6, '2026-01-02 12:49:35', 1, 'FINISHED'),
(21, 5, '2026-01-02 12:52:28', 13, 'ACTIVE'),
(22, 5, '2026-01-02 13:35:34', 13, 'FINISHED'),
(23, 5, '2026-01-02 14:11:25', 8, 'FINISHED'),
(24, 5, '2026-01-02 15:59:08', 9, 'FINISHED'),
(25, 6, '2026-01-02 17:17:20', 9, 'FINISHED'),
(26, 7, '2026-01-02 17:19:46', 13, 'FINISHED'),
(27, 7, '2026-01-02 17:35:24', 1, 'FINISHED'),
(28, 7, '2026-01-02 17:42:57', 9, 'FINISHED'),
(29, 7, '2026-01-03 07:19:44', 1, 'ACTIVE'),
(30, 7, '2026-01-03 07:23:04', 1, 'FINISHED'),
(31, 7, '2026-01-03 07:30:57', 1, 'FINISHED'),
(32, 7, '2026-01-03 07:33:46', 1, 'FINISHED'),
(33, 5, '2026-01-09 07:48:27', 11, 'FINISHED'),
(34, 5, '2026-01-09 07:50:42', 8, 'FINISHED'),
(35, 5, '2026-01-09 07:50:59', 10, 'FINISHED'),
(36, 5, '2026-01-09 07:51:10', 9, 'FINISHED'),
(37, 5, '2026-01-09 07:51:53', 10, 'FINISHED'),
(38, 5, '2026-01-09 07:52:24', 11, 'FINISHED'),
(39, 5, '2026-01-09 09:43:05', 11, 'FINISHED'),
(40, 5, '2026-01-09 09:43:23', 11, 'FINISHED'),
(41, 5, '2026-01-09 09:55:31', 11, 'FINISHED'),
(42, 5, '2026-01-09 10:49:05', 10, 'FINISHED'),
(43, 7, '2026-01-09 10:56:55', 10, 'FINISHED'),
(44, 7, '2026-01-09 11:04:52', 7, 'FINISHED'),
(45, 7, '2026-01-09 11:05:10', 10, 'FINISHED'),
(46, 7, '2026-01-09 11:05:26', 10, 'FINISHED'),
(47, 4, '2026-01-09 11:10:21', 10, 'FINISHED'),
(48, 5, '2026-01-09 11:16:22', 10, 'FINISHED'),
(49, 5, '2026-01-09 11:39:57', 12, 'FINISHED'),
(50, 5, '2026-01-09 11:40:19', 11, 'FINISHED'),
(51, 5, '2026-01-09 11:56:12', 10, 'FINISHED'),
(52, 5, '2026-01-09 11:56:23', 12, 'FINISHED'),
(53, 5, '2026-01-09 11:56:31', 11, 'FINISHED'),
(54, 5, '2026-01-09 11:56:37', 14, 'FINISHED'),
(55, 5, '2026-01-09 11:56:58', 13, 'FINISHED'),
(56, 5, '2026-01-09 11:57:07', 13, 'FINISHED'),
(57, 5, '2026-01-09 11:58:58', 14, 'FINISHED'),
(58, 5, '2026-01-09 11:59:06', 1, 'FINISHED'),
(59, 5, '2026-01-09 12:07:02', 10, 'FINISHED'),
(60, 5, '2026-01-09 12:07:10', 9, 'FINISHED'),
(61, 5, '2026-01-09 12:07:14', 17, 'FINISHED'),
(62, 5, '2026-01-09 12:07:36', 10, 'FINISHED'),
(63, 5, '2026-01-09 12:07:41', 13, 'FINISHED'),
(64, 5, '2026-01-09 12:07:52', 12, 'FINISHED'),
(65, 7, '2026-01-09 12:08:50', 10, 'FINISHED'),
(66, 7, '2026-01-09 12:08:57', 11, 'FINISHED'),
(67, 5, '2026-01-09 12:25:29', 13, 'FINISHED'),
(68, 5, '2026-01-09 13:15:48', 11, 'FINISHED'),
(69, 5, '2026-01-09 13:16:01', 10, 'FINISHED'),
(70, 5, '2026-01-09 13:16:06', 12, 'FINISHED'),
(71, 5, '2026-01-09 13:20:43', 9, 'FINISHED'),
(72, 5, '2026-01-09 13:20:52', 11, 'FINISHED'),
(73, 5, '2026-01-09 13:21:05', 11, 'FINISHED'),
(74, 5, '2026-01-09 13:21:10', 11, 'FINISHED'),
(75, 5, '2026-01-09 13:23:24', 12, 'FINISHED'),
(76, 5, '2026-01-09 13:23:39', 13, 'FINISHED'),
(77, 5, '2026-01-09 13:23:52', 12, 'FINISHED'),
(78, 5, '2026-01-09 13:23:59', 10, 'FINISHED'),
(79, 5, '2026-01-09 13:24:03', 11, 'FINISHED'),
(80, 7, '2026-01-09 13:34:47', 11, 'FINISHED'),
(81, 4, '2026-01-09 13:36:29', 11, 'FINISHED'),
(82, 4, '2026-01-09 13:37:11', 11, 'FINISHED'),
(83, 8, '2026-01-09 13:41:42', 11, 'FINISHED'),
(84, 5, '2026-01-11 08:22:24', 11, 'FINISHED'),
(85, 5, '2026-01-11 08:54:30', 1, 'FINISHED'),
(86, 5, '2026-01-11 08:55:14', 1, 'FINISHED'),
(87, 7, '2026-01-11 10:51:35', 11, 'FINISHED'),
(88, 7, '2026-01-11 10:52:15', 10, 'FINISHED'),
(89, 7, '2026-01-11 10:52:29', 11, 'FINISHED'),
(90, 7, '2026-01-11 11:16:22', 14, 'FINISHED'),
(91, 5, '2026-01-11 11:19:14', 11, 'FINISHED'),
(92, 5, '2026-01-11 11:20:23', 1, 'FINISHED'),
(93, 5, '2026-01-11 11:32:16', 1, 'FINISHED'),
(94, 5, '2026-01-11 11:33:36', 1, 'FINISHED'),
(95, 5, '2026-01-11 11:35:33', 1, 'FINISHED'),
(96, 5, '2026-01-11 11:59:12', 9, 'FINISHED'),
(97, 5, '2026-01-11 12:24:00', 10, 'FINISHED'),
(98, 7, '2026-01-11 12:26:44', 11, 'FINISHED'),
(99, 7, '2026-01-11 12:27:25', 9, 'FINISHED'),
(100, 5, '2026-01-11 12:33:06', 6, 'FINISHED'),
(101, 5, '2026-01-11 12:39:44', 1, 'FINISHED'),
(102, 4, '2026-01-11 12:47:50', 11, 'FINISHED'),
(103, 7, '2026-01-11 12:49:08', 5, 'FINISHED'),
(104, 7, '2026-01-11 12:49:59', 11, 'FINISHED'),
(105, 7, '2026-01-11 12:50:37', 11, 'FINISHED'),
(106, 4, '2026-01-11 13:29:52', 11, 'FINISHED'),
(107, 4, '2026-01-11 13:32:31', 11, 'FINISHED'),
(108, 4, '2026-01-11 13:33:38', 10, 'FINISHED'),
(109, 4, '2026-01-11 13:33:49', 9, 'FINISHED'),
(110, 4, '2026-01-11 13:34:03', 11, 'FINISHED'),
(111, 4, '2026-01-11 13:38:12', 13, 'FINISHED'),
(112, 4, '2026-01-11 13:38:28', 11, 'FINISHED'),
(113, 4, '2026-01-11 13:38:43', 13, 'FINISHED'),
(114, 5, '2026-01-11 13:42:29', 11, 'FINISHED'),
(115, 4, '2026-01-11 13:50:19', 11, 'FINISHED'),
(116, 4, '2026-01-11 13:50:33', 13, 'FINISHED'),
(117, 4, '2026-01-11 13:51:42', 11, 'FINISHED'),
(118, 5, '2026-01-11 13:53:28', 11, 'FINISHED'),
(119, 8, '2026-01-11 13:54:18', 6, 'FINISHED');

-- --------------------------------------------------------

--
-- Table structure for table `users`
--

CREATE TABLE `users` (
  `user_id` int(11) NOT NULL,
  `username` varchar(50) NOT NULL,
  `password_hash` varchar(255) NOT NULL,
  `created_at` timestamp NOT NULL DEFAULT current_timestamp()
) ENGINE=InnoDB DEFAULT CHARSET=utf8mb4 COLLATE=utf8mb4_general_ci;

--
-- Dumping data for table `users`
--

INSERT INTO `users` (`user_id`, `username`, `password_hash`, `created_at`) VALUES
(1, 'testuser', '5994471abb01112afcc18159f6cc74b4f511b99806da59b3caf5a9c173cacfc5', '2025-12-23 03:26:43'),
(2, 'testerA', 'a665a45920422f9d417e4867efdc4fb8a04a1f3fff1fa07e998e86f7f7a27ae3', '2025-12-23 03:45:26'),
(3, 'caesha', 'ded6497eb927d90e23525c53236e61c7801e994b3d4401ad6f8fe18642a9e96e', '2025-12-25 04:00:38'),
(4, 'cana', '097a9a8b6eafa42b479ebd72fa306d9fa16e0dffa24482ab52d5ae5c2fffe7fb', '2025-12-25 06:22:17'),
(5, 'galih', '03ac674216f3e15c761ee1a5e255f067953623c8b388b4459e13f978d7c846f4', '2026-01-02 07:00:59'),
(6, 'putri', '03ac674216f3e15c761ee1a5e255f067953623c8b388b4459e13f978d7c846f4', '2026-01-02 12:42:26'),
(7, 'nah', '03ac674216f3e15c761ee1a5e255f067953623c8b388b4459e13f978d7c846f4', '2026-01-02 17:19:37'),
(8, 'upik', '03ac674216f3e15c761ee1a5e255f067953623c8b388b4459e13f978d7c846f4', '2026-01-09 13:41:34');

--
-- Indexes for dumped tables
--

--
-- Indexes for table `logs`
--
ALTER TABLE `logs`
  ADD PRIMARY KEY (`log_id`),
  ADD KEY `session_id` (`session_id`);

--
-- Indexes for table `scores`
--
ALTER TABLE `scores`
  ADD PRIMARY KEY (`score_id`),
  ADD UNIQUE KEY `session_id` (`session_id`);

--
-- Indexes for table `sessions`
--
ALTER TABLE `sessions`
  ADD PRIMARY KEY (`session_id`),
  ADD KEY `user_id` (`user_id`);

--
-- Indexes for table `users`
--
ALTER TABLE `users`
  ADD PRIMARY KEY (`user_id`),
  ADD UNIQUE KEY `username` (`username`);

--
-- AUTO_INCREMENT for dumped tables
--

--
-- AUTO_INCREMENT for table `logs`
--
ALTER TABLE `logs`
  MODIFY `log_id` int(11) NOT NULL AUTO_INCREMENT, AUTO_INCREMENT=897;

--
-- AUTO_INCREMENT for table `scores`
--
ALTER TABLE `scores`
  MODIFY `score_id` int(11) NOT NULL AUTO_INCREMENT, AUTO_INCREMENT=110;

--
-- AUTO_INCREMENT for table `sessions`
--
ALTER TABLE `sessions`
  MODIFY `session_id` int(11) NOT NULL AUTO_INCREMENT, AUTO_INCREMENT=120;

--
-- AUTO_INCREMENT for table `users`
--
ALTER TABLE `users`
  MODIFY `user_id` int(11) NOT NULL AUTO_INCREMENT, AUTO_INCREMENT=9;

--
-- Constraints for dumped tables
--

--
-- Constraints for table `logs`
--
ALTER TABLE `logs`
  ADD CONSTRAINT `logs_ibfk_1` FOREIGN KEY (`session_id`) REFERENCES `sessions` (`session_id`);

--
-- Constraints for table `scores`
--
ALTER TABLE `scores`
  ADD CONSTRAINT `scores_ibfk_1` FOREIGN KEY (`session_id`) REFERENCES `sessions` (`session_id`);

--
-- Constraints for table `sessions`
--
ALTER TABLE `sessions`
  ADD CONSTRAINT `sessions_ibfk_1` FOREIGN KEY (`user_id`) REFERENCES `users` (`user_id`);
COMMIT;

/*!40101 SET CHARACTER_SET_CLIENT=@OLD_CHARACTER_SET_CLIENT */;
/*!40101 SET CHARACTER_SET_RESULTS=@OLD_CHARACTER_SET_RESULTS */;
/*!40101 SET COLLATION_CONNECTION=@OLD_COLLATION_CONNECTION */;
